year,code,amount,name,topname,depname,category,depcat,cat,ref
2016,1.1.1.1-31010010101,183199000,會務管理,高雄市議會主管,高雄市議會,一般行政,高雄市議會,高雄市議會主管,1.1.1.1
2016,1.1.1.2-31010010102,56300000,總務及管理,高雄市議會主管,高雄市議會,一般行政,高雄市議會,高雄市議會主管,1.1.1.2
2016,1.1.1.3-31010010103,50070000,公共聯繫,高雄市議會主管,高雄市議會,一般行政,高雄市議會,高雄市議會主管,1.1.1.3
2016,1.1.2.1-31010010201,11414000,業務管理,高雄市議會主管,高雄市議會,議事業務,高雄市議會,高雄市議會主管,1.1.2.1
2016,1.1.2.2-31010010202,42177000,召開大會,高雄市議會主管,高雄市議會,議事業務,高雄市議會,高雄市議會主管,1.1.2.2
2016,1.1.2.3-31010010203,398461000,市政研究與服務,高雄市議會主管,高雄市議會,議事業務,高雄市議會,高雄市議會主管,1.1.2.3
2016,1.1.2.4-31010010204,4763000,議事刊物,高雄市議會主管,高雄市議會,議事業務,高雄市議會,高雄市議會主管,1.1.2.4
2016,1.1.2.5-31010010205,400000,法制研究,高雄市議會主管,高雄市議會,議事業務,高雄市議會,高雄市議會主管,1.1.2.5
2016,1.1.2.6-31010010206,5937000,資訊化管理,高雄市議會主管,高雄市議會,議事業務,高雄市議會,高雄市議會主管,1.1.2.6
2016,1.1.3.1-31010010301,22593000,廳舍興建與充實設備,高雄市議會主管,高雄市議會,廳舍興建與充實設備,高雄市議會,高雄市議會主管,1.1.3.1
2016,1.1.4.1-31010017901,7000000,第一預備金,高雄市議會主管,高雄市議會,第一預備金,高雄市議會,高雄市議會主管,1.1.4.1
2016,2.1.1.1-32020100101,210586000,行政管理,高雄市政府主管,高雄市政府秘書處,一般行政,高雄市政府秘書處,高雄市政府主管,2.1.1.1
2016,2.1.2.1-32020100201,94202000,庶務管理,高雄市政府主管,高雄市政府秘書處,事務管理,高雄市政府秘書處,高雄市政府主管,2.1.2.1
2016,2.1.3.1-32020100301,9061000,文書管理,高雄市政府主管,高雄市政府秘書處,文書業務,高雄市政府秘書處,高雄市政府主管,2.1.3.1
2016,2.1.4.1-32020100401,6990000,訪賓接待聯繫業務,高雄市政府主管,高雄市政府秘書處,國際事務,高雄市政府秘書處,高雄市政府主管,2.1.4.1
2016,2.1.5.1-32020100501,4360000,處理機要,高雄市政府主管,高雄市政府秘書處,機要業務,高雄市政府秘書處,高雄市政府主管,2.1.5.1
2016,2.1.6.1-32020107901,1100000,第一預備金,高雄市政府主管,高雄市政府秘書處,第一預備金,高雄市政府秘書處,高雄市政府主管,2.1.6.1
2016,2.2.1.1-32020110101,86778000,行政管理,高雄市政府主管,高雄市政府主計處,一般行政,高雄市政府主計處,高雄市政府主管,2.2.1.1
2016,2.2.2.1-32020110601,579000,總預算編審與督導執,高雄市政府主管,高雄市政府主計處,總預算編審與督導執行,高雄市政府主計處,高雄市政府主管,2.2.2.1
2016,2.2.3.1-32020110701,291000,事業預算編審與督導,高雄市政府主管,高雄市政府主計處,事業預算編審與督導執,高雄市政府主計處,高雄市政府主管,2.2.3.1
2016,2.2.4.1-32020110801,476000,會計與決算,高雄市政府主管,高雄市政府主計處,會計與決算,高雄市政府主計處,高雄市政府主管,2.2.4.1
2016,2.2.5.1-32020110901,392000,公務統計,高雄市政府主管,高雄市政府主計處,公務統計,高雄市政府主計處,高雄市政府主管,2.2.5.1
2016,2.2.6.1-32020111001,6270000,經濟統計,高雄市政府主管,高雄市政府主計處,經濟統計,高雄市政府主計處,高雄市政府主管,2.2.6.1
2016,2.2.7.1-32020117901,56000,第一預備金,高雄市政府主管,高雄市政府主計處,第一預備金,高雄市政府主計處,高雄市政府主管,2.2.7.1
2016,2.3.1.1-32020120101,80783000,行政管理,高雄市政府主管,高雄市政府人事處,一般行政,高雄市政府人事處,高雄市政府主管,2.3.1.1
2016,2.3.2.1-32020121101,867000,辦理綜合性業務及人,高雄市政府主管,高雄市政府人事處,綜合性業務及人事人員,高雄市政府人事處,高雄市政府主管,2.3.2.1
2016,2.3.3.1-32020121201,523000,辦理機關組織及任審,高雄市政府主管,高雄市政府人事處,組織及任免遷調考試,高雄市政府人事處,高雄市政府主管,2.3.3.1
2016,2.3.4.1-32020121301,1436000,考核獎懲及研習進修,高雄市政府主管,高雄市政府人事處,考核獎懲及研習進修,高雄市政府人事處,高雄市政府主管,2.3.4.1
2016,2.3.5.1-32020121401,2116000,待遇福利及退休撫卹,高雄市政府主管,高雄市政府人事處,待遇福利及退休撫卹,高雄市政府人事處,高雄市政府主管,2.3.5.1
2016,2.3.6.1-32020121501,71289000,公教人員住宅輔貸,高雄市政府主管,高雄市政府人事處,住宅輔貸,高雄市政府人事處,高雄市政府主管,2.3.6.1
2016,2.3.7.1-32020127901,95000,第一預備金,高雄市政府主管,高雄市政府人事處,第一預備金,高雄市政府人事處,高雄市政府主管,2.3.7.1
2016,2.4.1.1-32020130101,60280000,行政管理,高雄市政府主管,高雄市政府研究發展考核,一般行政,高雄市政府研究發展考核,高雄市政府主管,2.4.1.1
2016,2.4.2.1-32020131601,4078000,策定年度施政計畫,高雄市政府主管,高雄市政府研究發展考核,綜合計畫,高雄市政府研究發展考核,高雄市政府主管,2.4.2.1
2016,2.4.3.1-32020131701,6702000,市政研究發展及革新,高雄市政府主管,高雄市政府研究發展考核,研究發展,高雄市政府研究發展考核,高雄市政府主管,2.4.3.1
2016,2.4.4.1-32020131801,540000,列管計畫考核評估,高雄市政府主管,高雄市政府研究發展考核,管制考核,高雄市政府研究發展考核,高雄市政府主管,2.4.4.1
2016,2.4.5.1-32020131901,37855000,聯合服務業務,高雄市政府主管,高雄市政府研究發展考核,為民服務,高雄市政府研究發展考核,高雄市政府主管,2.4.5.1
2016,2.4.6.1-32020132001,1239000,工程品質查核,高雄市政府主管,高雄市政府研究發展考核,工程品質評鑑與查核,高雄市政府研究發展考核,高雄市政府主管,2.4.6.1
2016,2.4.7.1-32020137901,95000,第一預備金,高雄市政府主管,高雄市政府研究發展考核,第一預備金,高雄市政府研究發展考核,高雄市政府主管,2.4.7.1
2016,2.5.1.1-32020140101,52985000,行政管理,高雄市政府主管,高雄市政府政風處,一般行政,高雄市政府政風處,高雄市政府主管,2.5.1.1
2016,2.5.2.1-32020142101,787000,組織管理機密維護,高雄市政府主管,高雄市政府政風處,組織管理機密維護,高雄市政府政風處,高雄市政府主管,2.5.2.1
2016,2.5.3.1-32020142201,240000,政風查處,高雄市政府主管,高雄市政府政風處,政風調查,高雄市政府政風處,高雄市政府主管,2.5.3.1
2016,2.5.4.1-32020142301,715000,政風防弊,高雄市政府主管,高雄市政府政風處,預防貪瀆,高雄市政府政風處,高雄市政府主管,2.5.4.1
2016,2.5.5.1-32020147901,90000,第一預備金,高雄市政府主管,高雄市政府政風處,第一預備金,高雄市政府政風處,高雄市政府主管,2.5.5.1
2016,2.6.1.1-33020150101,33954000,行政管理,高雄市政府主管,高雄市政府原住民事務委,一般行政,高雄市政府原住民事務委,高雄市政府主管,2.6.1.1
2016,2.6.2.1-33020150201,40311000,原住民文化教育,高雄市政府主管,高雄市政府原住民事務委,原住民行政,高雄市政府原住民事務委,高雄市政府主管,2.6.2.1
2016,2.6.2.2-33020150202,19875000,原住民衛生福利,高雄市政府主管,高雄市政府原住民事務委,原住民行政,高雄市政府原住民事務委,高雄市政府主管,2.6.2.2
2016,2.6.2.3-33020150203,366443000,原住民經濟土地,高雄市政府主管,高雄市政府原住民事務委,原住民行政,高雄市政府原住民事務委,高雄市政府主管,2.6.2.3
2016,2.6.2.4-33020150204,138867000,原住民部落建設,高雄市政府主管,高雄市政府原住民事務委,原住民行政,高雄市政府原住民事務委,高雄市政府主管,2.6.2.4
2016,2.6.3.1-33020157901,40000,第一預備金,高雄市政府主管,高雄市政府原住民事務委,第一預備金,高雄市政府原住民事務委,高雄市政府主管,2.6.3.1
2016,2.7.1.1-33020160101,27018000,行政管理,高雄市政府主管,高雄市政府客家事務委員,一般行政,高雄市政府客家事務委員,高雄市政府主管,2.7.1.1
2016,2.7.2.1-33020160301,107662000,客家事務管理,高雄市政府主管,高雄市政府客家事務委員,客家行政,高雄市政府客家事務委員,高雄市政府主管,2.7.2.1
2016,2.7.3.1-33020167901,63000,第一預備金,高雄市政府主管,高雄市政府客家事務委員,第一預備金,高雄市政府客家事務委員,高雄市政府主管,2.7.3.1
2016,2.8.1.1-51020170101,33878000,行政管理,高雄市政府主管,高雄市政府公務人力發展,一般行政,高雄市政府公務人力發展,高雄市政府主管,2.8.1.1
2016,2.8.2.1-51020170201,18623000,教育訓練研習,高雄市政府主管,高雄市政府公務人力發展,教學行政支出,高雄市政府公務人力發展,高雄市政府主管,2.8.2.1
2016,2.9.1.1-32020180101,41646000,行政管理,高雄市政府主管,高雄市政府資訊中心,一般行政,高雄市政府資訊中心,高雄市政府主管,2.9.1.1
2016,2.9.2.1-32020182401,5530000,資訊整合規劃設計與,高雄市政府主管,高雄市政府資訊中心,市政資訊發展,高雄市政府資訊中心,高雄市政府主管,2.9.2.1
2016,2.9.3.1-32020182501,11984000,市政網站及郵件服務,高雄市政府主管,高雄市政府資訊中心,網路應用服務管理,高雄市政府資訊中心,高雄市政府主管,2.9.3.1
2016,2.9.4.1-32020182601,13909000,機房網路及資安管理,高雄市政府主管,高雄市政府資訊中心,資訊基礎建設管理,高雄市政府資訊中心,高雄市政府主管,2.9.4.1
2016,2.10.1.1-33023000101,49476000,行政管理,高雄市政府主管,高雄市鹽埕區公所,一般行政,高雄市鹽埕區公所,高雄市政府主管,2.10.1.1
2016,2.10.2.1-33023000401,15275000,業務管理,高雄市政府主管,高雄市鹽埕區公所,區公所業務,高雄市鹽埕區公所,高雄市政府主管,2.10.2.1
2016,2.10.3.1-60023000201,1190000,小型工程,高雄市政府主管,高雄市鹽埕區公所,基層建設,高雄市鹽埕區公所,高雄市政府主管,2.10.3.1
2016,2.11.1.1-33023010101,86215000,行政管理,高雄市政府主管,高雄市鼓山區公所,一般行政,高雄市鼓山區公所,高雄市政府主管,2.11.1.1
2016,2.11.2.1-33023010401,42041000,業務管理,高雄市政府主管,高雄市鼓山區公所,區公所業務,高雄市鼓山區公所,高雄市政府主管,2.11.2.1
2016,2.11.3.1-60023010201,4300000,小型工程,高雄市政府主管,高雄市鼓山區公所,基層建設,高雄市鼓山區公所,高雄市政府主管,2.11.3.1
2016,2.12.1.1-33023020101,91193000,行政管理,高雄市政府主管,高雄市左營區公所,一般行政,高雄市左營區公所,高雄市政府主管,2.12.1.1
2016,2.12.2.1-33023020401,46630000,業務管理,高雄市政府主管,高雄市左營區公所,區公所業務,高雄市左營區公所,高雄市政府主管,2.12.2.1
2016,2.12.3.1-60023020201,2770000,小型工程,高雄市政府主管,高雄市左營區公所,基層建設,高雄市左營區公所,高雄市政府主管,2.12.3.1
2016,2.13.1.1-33023030101,88279000,行政管理,高雄市政府主管,高雄市楠梓區公所,一般行政,高雄市楠梓區公所,高雄市政府主管,2.13.1.1
2016,2.13.2.1-33023030401,47360000,業務管理,高雄市政府主管,高雄市楠梓區公所,區公所業務,高雄市楠梓區公所,高雄市政府主管,2.13.2.1
2016,2.13.3.1-60023030201,5920000,小型工程,高雄市政府主管,高雄市楠梓區公所,基層建設,高雄市楠梓區公所,高雄市政府主管,2.13.3.1
2016,2.14.1.1-33023040101,160557000,行政管理,高雄市政府主管,高雄市三民區公所,一般行政,高雄市三民區公所,高雄市政府主管,2.14.1.1
2016,2.14.2.1-33023040401,80599000,業務管理,高雄市政府主管,高雄市三民區公所,區公所業務,高雄市三民區公所,高雄市政府主管,2.14.2.1
2016,2.14.3.1-60023040201,14340000,小型工程,高雄市政府主管,高雄市三民區公所,基層建設,高雄市三民區公所,高雄市政府主管,2.14.3.1
2016,2.15.1.1-33023050101,70354000,行政管理,高雄市政府主管,高雄市新興區公所,一般行政,高雄市新興區公所,高雄市政府主管,2.15.1.1
2016,2.15.2.1-33023050401,25555000,業務管理,高雄市政府主管,高雄市新興區公所,區公所業務,高雄市新興區公所,高雄市政府主管,2.15.2.1
2016,2.15.3.1-60023050201,1500000,小型工程,高雄市政府主管,高雄市新興區公所,基層建設,高雄市新興區公所,高雄市政府主管,2.15.3.1
2016,2.16.1.1-33023060101,51339000,行政管理,高雄市政府主管,高雄市前金區公所,一般行政,高雄市前金區公所,高雄市政府主管,2.16.1.1
2016,2.16.2.1-33023060401,14847000,業務管理,高雄市政府主管,高雄市前金區公所,區公所業務,高雄市前金區公所,高雄市政府主管,2.16.2.1
2016,2.16.3.1-33023062201,1965000,廳舍修建,高雄市政府主管,高雄市前金區公所,廳舍興建與充實設備,高雄市前金區公所,高雄市政府主管,2.16.3.1
2016,2.16.4.1-60023060201,1000000,小型工程,高雄市政府主管,高雄市前金區公所,基層建設,高雄市前金區公所,高雄市政府主管,2.16.4.1
2016,2.17.1.1-33023070101,127898000,行政管理,高雄市政府主管,高雄市苓雅區公所,一般行政,高雄市苓雅區公所,高雄市政府主管,2.17.1.1
2016,2.17.2.1-33023070401,70416000,業務管理,高雄市政府主管,高雄市苓雅區公所,區公所業務,高雄市苓雅區公所,高雄市政府主管,2.17.2.1
2016,2.17.3.1-60023070201,7000000,小型工程,高雄市政府主管,高雄市苓雅區公所,基層建設,高雄市苓雅區公所,高雄市政府主管,2.17.3.1
2016,2.18.1.1-33023080101,115764000,行政管理,高雄市政府主管,高雄市前鎮區公所,一般行政,高雄市前鎮區公所,高雄市政府主管,2.18.1.1
2016,2.18.2.1-33023080401,96653000,業務管理,高雄市政府主管,高雄市前鎮區公所,區公所業務,高雄市前鎮區公所,高雄市政府主管,2.18.2.1
2016,2.18.3.1-33023082201,6124000,廳舍修建,高雄市政府主管,高雄市前鎮區公所,廳舍興建與充實設備,高雄市前鎮區公所,高雄市政府主管,2.18.3.1
2016,2.18.4.1-60023080201,4350000,小型工程,高雄市政府主管,高雄市前鎮區公所,基層建設,高雄市前鎮區公所,高雄市政府主管,2.18.4.1
2016,2.19.1.1-33023090101,39072000,行政管理,高雄市政府主管,高雄市旗津區公所,一般行政,高雄市旗津區公所,高雄市政府主管,2.19.1.1
2016,2.19.2.1-33023090401,13220000,業務管理,高雄市政府主管,高雄市旗津區公所,區公所業務,高雄市旗津區公所,高雄市政府主管,2.19.2.1
2016,2.19.3.1-33023092201,460000,廳舍修建,高雄市政府主管,高雄市旗津區公所,廳舍興建與充實設備,高雄市旗津區公所,高雄市政府主管,2.19.3.1
2016,2.19.4.1-60023090201,1250000,小型工程,高雄市政府主管,高雄市旗津區公所,基層建設,高雄市旗津區公所,高雄市政府主管,2.19.4.1
2016,2.20.1.1-33023100101,88917000,行政管理,高雄市政府主管,高雄市小港區公所,一般行政,高雄市小港區公所,高雄市政府主管,2.20.1.1
2016,2.20.2.1-33023100401,167162000,業務管理,高雄市政府主管,高雄市小港區公所,區公所業務,高雄市小港區公所,高雄市政府主管,2.20.2.1
2016,2.20.3.1-33023102201,3600000,廳舍修建,高雄市政府主管,高雄市小港區公所,廳舍興建與充實設備,高雄市小港區公所,高雄市政府主管,2.20.3.1
2016,2.20.4.1-60023100201,20550000,小型工程,高雄市政府主管,高雄市小港區公所,基層建設,高雄市小港區公所,高雄市政府主管,2.20.4.1
2016,2.21.1.1-33023110101,167861000,行政管理,高雄市政府主管,高雄市鳳山區公所,一般行政,高雄市鳳山區公所,高雄市政府主管,2.21.1.1
2016,2.21.2.1-33023110401,118435000,業務管理,高雄市政府主管,高雄市鳳山區公所,區公所業務,高雄市鳳山區公所,高雄市政府主管,2.21.2.1
2016,2.21.3.1-60023110201,15100000,小型工程,高雄市政府主管,高雄市鳳山區公所,基層建設,高雄市鳳山區公所,高雄市政府主管,2.21.3.1
2016,2.22.1.1-33023120101,71326000,行政管理,高雄市政府主管,高雄市林園區公所,一般行政,高雄市林園區公所,高雄市政府主管,2.22.1.1
2016,2.22.2.1-33023120401,162319000,業務管理,高雄市政府主管,高雄市林園區公所,區公所業務,高雄市林園區公所,高雄市政府主管,2.22.2.1
2016,2.22.3.1-60023120201,5700000,小型工程,高雄市政府主管,高雄市林園區公所,基層建設,高雄市林園區公所,高雄市政府主管,2.22.3.1
2016,2.23.1.1-33023130101,87990000,行政管理,高雄市政府主管,高雄市大寮區公所,一般行政,高雄市大寮區公所,高雄市政府主管,2.23.1.1
2016,2.23.2.1-33023130401,72166000,業務管理,高雄市政府主管,高雄市大寮區公所,區公所業務,高雄市大寮區公所,高雄市政府主管,2.23.2.1
2016,2.23.3.1-60023130201,12000000,小型工程,高雄市政府主管,高雄市大寮區公所,基層建設,高雄市大寮區公所,高雄市政府主管,2.23.3.1
2016,2.24.1.1-33023140101,62675000,行政管理,高雄市政府主管,高雄市大樹區公所,一般行政,高雄市大樹區公所,高雄市政府主管,2.24.1.1
2016,2.24.2.1-33023140401,42577000,業務管理,高雄市政府主管,高雄市大樹區公所,區公所業務,高雄市大樹區公所,高雄市政府主管,2.24.2.1
2016,2.24.3.1-60023140201,6300000,小型工程,高雄市政府主管,高雄市大樹區公所,基層建設,高雄市大樹區公所,高雄市政府主管,2.24.3.1
2016,2.25.1.1-33023150101,39808000,行政管理,高雄市政府主管,高雄市大社區公所,一般行政,高雄市大社區公所,高雄市政府主管,2.25.1.1
2016,2.25.2.1-33023150401,30008000,業務管理,高雄市政府主管,高雄市大社區公所,區公所業務,高雄市大社區公所,高雄市政府主管,2.25.2.1
2016,2.25.3.1-60023150201,4000000,小型工程,高雄市政府主管,高雄市大社區公所,基層建設,高雄市大社區公所,高雄市政府主管,2.25.3.1
2016,2.26.1.1-33023160101,67409000,行政管理,高雄市政府主管,高雄市仁武區公所,一般行政,高雄市仁武區公所,高雄市政府主管,2.26.1.1
2016,2.26.2.1-33023160401,31868000,業務管理,高雄市政府主管,高雄市仁武區公所,區公所業務,高雄市仁武區公所,高雄市政府主管,2.26.2.1
2016,2.26.3.1-60023160201,6700000,小型工程,高雄市政府主管,高雄市仁武區公所,基層建設,高雄市仁武區公所,高雄市政府主管,2.26.3.1
2016,2.27.1.1-33023170101,39624000,行政管理,高雄市政府主管,高雄市鳥松區公所,一般行政,高雄市鳥松區公所,高雄市政府主管,2.27.1.1
2016,2.27.2.1-33023170401,22610000,業務管理,高雄市政府主管,高雄市鳥松區公所,區公所業務,高雄市鳥松區公所,高雄市政府主管,2.27.2.1
2016,2.27.3.1-60023170201,3850000,小型工程,高雄市政府主管,高雄市鳥松區公所,基層建設,高雄市鳥松區公所,高雄市政府主管,2.27.3.1
2016,2.28.1.1-33023180101,97720000,行政管理,高雄市政府主管,高雄市岡山區公所,一般行政,高雄市岡山區公所,高雄市政府主管,2.28.1.1
2016,2.28.2.1-33023180401,56391000,業務管理,高雄市政府主管,高雄市岡山區公所,區公所業務,高雄市岡山區公所,高雄市政府主管,2.28.2.1
2016,2.28.3.1-60023180201,9100000,小型工程,高雄市政府主管,高雄市岡山區公所,基層建設,高雄市岡山區公所,高雄市政府主管,2.28.3.1
2016,2.29.1.1-33023190101,54772000,行政管理,高雄市政府主管,高雄市橋頭區公所,一般行政,高雄市橋頭區公所,高雄市政府主管,2.29.1.1
2016,2.29.2.1-33023190401,20086000,業務管理,高雄市政府主管,高雄市橋頭區公所,區公所業務,高雄市橋頭區公所,高雄市政府主管,2.29.2.1
2016,2.29.3.1-60023190201,5300000,小型工程,高雄市政府主管,高雄市橋頭區公所,基層建設,高雄市橋頭區公所,高雄市政府主管,2.29.3.1
2016,2.30.1.1-33023200101,52359000,行政管理,高雄市政府主管,高雄市燕巢區公所,一般行政,高雄市燕巢區公所,高雄市政府主管,2.30.1.1
2016,2.30.2.1-33023200401,19194000,業務管理,高雄市政府主管,高雄市燕巢區公所,區公所業務,高雄市燕巢區公所,高雄市政府主管,2.30.2.1
2016,2.30.3.1-60023200201,4100000,小型工程,高雄市政府主管,高雄市燕巢區公所,基層建設,高雄市燕巢區公所,高雄市政府主管,2.30.3.1
2016,2.31.1.1-33023210101,35195000,行政管理,高雄市政府主管,高雄市田寮區公所,一般行政,高雄市田寮區公所,高雄市政府主管,2.31.1.1
2016,2.31.2.1-33023210401,11713000,業務管理,高雄市政府主管,高雄市田寮區公所,區公所業務,高雄市田寮區公所,高雄市政府主管,2.31.2.1
2016,2.31.3.1-60023210201,4500000,小型工程,高雄市政府主管,高雄市田寮區公所,基層建設,高雄市田寮區公所,高雄市政府主管,2.31.3.1
2016,2.32.1.1-33023220101,46975000,行政管理,高雄市政府主管,高雄市阿蓮區公所,一般行政,高雄市阿蓮區公所,高雄市政府主管,2.32.1.1
2016,2.32.2.1-33023220401,23051000,業務管理,高雄市政府主管,高雄市阿蓮區公所,區公所業務,高雄市阿蓮區公所,高雄市政府主管,2.32.2.1
2016,2.32.3.1-60023220201,5550000,小型工程,高雄市政府主管,高雄市阿蓮區公所,基層建設,高雄市阿蓮區公所,高雄市政府主管,2.32.3.1
2016,2.33.1.1-33023230101,65613000,行政管理,高雄市政府主管,高雄市路竹區公所,一般行政,高雄市路竹區公所,高雄市政府主管,2.33.1.1
2016,2.33.2.1-33023230401,56679000,業務管理,高雄市政府主管,高雄市路竹區公所,區公所業務,高雄市路竹區公所,高雄市政府主管,2.33.2.1
2016,2.33.3.1-60023230201,17360000,小型工程,高雄市政府主管,高雄市路竹區公所,基層建設,高雄市路竹區公所,高雄市政府主管,2.33.3.1
2016,2.34.1.1-33023240101,44760000,行政管理,高雄市政府主管,高雄市湖內區公所,一般行政,高雄市湖內區公所,高雄市政府主管,2.34.1.1
2016,2.34.2.1-33023240401,32660000,業務管理,高雄市政府主管,高雄市湖內區公所,區公所業務,高雄市湖內區公所,高雄市政府主管,2.34.2.1
2016,2.34.3.1-60023240201,4450000,小型工程,高雄市政府主管,高雄市湖內區公所,基層建設,高雄市湖內區公所,高雄市政府主管,2.34.3.1
2016,2.35.1.1-33023250101,52886000,行政管理,高雄市政府主管,高雄市茄萣區公所,一般行政,高雄市茄萣區公所,高雄市政府主管,2.35.1.1
2016,2.35.2.1-33023250401,109772000,業務管理,高雄市政府主管,高雄市茄萣區公所,區公所業務,高雄市茄萣區公所,高雄市政府主管,2.35.2.1
2016,2.35.3.1-60023250201,3100000,小型工程,高雄市政府主管,高雄市茄萣區公所,基層建設,高雄市茄萣區公所,高雄市政府主管,2.35.3.1
2016,2.36.1.1-33023260101,31703000,行政管理,高雄市政府主管,高雄市永安區公所,一般行政,高雄市永安區公所,高雄市政府主管,2.36.1.1
2016,2.36.2.1-33023260401,101240000,業務管理,高雄市政府主管,高雄市永安區公所,區公所業務,高雄市永安區公所,高雄市政府主管,2.36.2.1
2016,2.36.3.1-60023260201,23080000,小型工程,高雄市政府主管,高雄市永安區公所,基層建設,高雄市永安區公所,高雄市政府主管,2.36.3.1
2016,2.37.1.1-33023270101,43755000,行政管理,高雄市政府主管,高雄市彌陀區公所,一般行政,高雄市彌陀區公所,高雄市政府主管,2.37.1.1
2016,2.37.2.1-33023270401,42239000,業務管理,高雄市政府主管,高雄市彌陀區公所,區公所業務,高雄市彌陀區公所,高雄市政府主管,2.37.2.1
2016,2.37.3.1-60023270201,3870000,小型工程,高雄市政府主管,高雄市彌陀區公所,基層建設,高雄市彌陀區公所,高雄市政府主管,2.37.3.1
2016,2.38.1.1-33023280101,49607000,行政管理,高雄市政府主管,高雄市梓官區公所,一般行政,高雄市梓官區公所,高雄市政府主管,2.38.1.1
2016,2.38.2.1-33023280401,16490000,業務管理,高雄市政府主管,高雄市梓官區公所,區公所業務,高雄市梓官區公所,高雄市政府主管,2.38.2.1
2016,2.38.3.1-60023280201,4420000,小型工程,高雄市政府主管,高雄市梓官區公所,基層建設,高雄市梓官區公所,高雄市政府主管,2.38.3.1
2016,2.39.1.1-33023290101,68016000,行政管理,高雄市政府主管,高雄市旗山區公所,一般行政,高雄市旗山區公所,高雄市政府主管,2.39.1.1
2016,2.39.2.1-33023290401,43654000,業務管理,高雄市政府主管,高雄市旗山區公所,區公所業務,高雄市旗山區公所,高雄市政府主管,2.39.2.1
2016,2.39.3.1-60023290201,6900000,小型工程,高雄市政府主管,高雄市旗山區公所,基層建設,高雄市旗山區公所,高雄市政府主管,2.39.3.1
2016,2.40.1.1-33023300101,64578000,行政管理,高雄市政府主管,高雄市美濃區公所,一般行政,高雄市美濃區公所,高雄市政府主管,2.40.1.1
2016,2.40.2.1-33023300401,44381000,業務管理,高雄市政府主管,高雄市美濃區公所,區公所業務,高雄市美濃區公所,高雄市政府主管,2.40.2.1
2016,2.40.3.1-60023300201,5500000,小型工程,高雄市政府主管,高雄市美濃區公所,基層建設,高雄市美濃區公所,高雄市政府主管,2.40.3.1
2016,2.41.1.1-33023310101,42598000,行政管理,高雄市政府主管,高雄市六龜區公所,一般行政,高雄市六龜區公所,高雄市政府主管,2.41.1.1
2016,2.41.2.1-33023310401,50900000,業務管理,高雄市政府主管,高雄市六龜區公所,區公所業務,高雄市六龜區公所,高雄市政府主管,2.41.2.1
2016,2.41.3.1-60023310201,88595000,小型工程,高雄市政府主管,高雄市六龜區公所,基層建設,高雄市六龜區公所,高雄市政府主管,2.41.3.1
2016,2.42.1.1-33023320101,32741000,行政管理,高雄市政府主管,高雄市甲仙區公所,一般行政,高雄市甲仙區公所,高雄市政府主管,2.42.1.1
2016,2.42.2.1-33023320401,33089000,業務管理,高雄市政府主管,高雄市甲仙區公所,區公所業務,高雄市甲仙區公所,高雄市政府主管,2.42.2.1
2016,2.42.3.1-60023320201,5400000,小型工程,高雄市政府主管,高雄市甲仙區公所,基層建設,高雄市甲仙區公所,高雄市政府主管,2.42.3.1
2016,2.43.1.1-33023330101,34415000,行政管理,高雄市政府主管,高雄市杉林區公所,一般行政,高雄市杉林區公所,高雄市政府主管,2.43.1.1
2016,2.43.2.1-33023330401,20375000,業務管理,高雄市政府主管,高雄市杉林區公所,區公所業務,高雄市杉林區公所,高雄市政府主管,2.43.2.1
2016,2.43.3.1-60023330201,4800000,小型工程,高雄市政府主管,高雄市杉林區公所,基層建設,高雄市杉林區公所,高雄市政府主管,2.43.3.1
2016,2.44.1.1-33023340101,47179000,行政管理,高雄市政府主管,高雄市內門區公所,一般行政,高雄市內門區公所,高雄市政府主管,2.44.1.1
2016,2.44.2.1-33023340401,43025000,業務管理,高雄市政府主管,高雄市內門區公所,區公所業務,高雄市內門區公所,高雄市政府主管,2.44.2.1
2016,2.44.3.1-60023340201,6180000,小型工程,高雄市政府主管,高雄市內門區公所,基層建設,高雄市內門區公所,高雄市政府主管,2.44.3.1
2016,3.1.1.1-33030300101,117556000,行政管理,高雄市政府民政局主管,高雄市政府民政局,一般行政,高雄市政府民政局,高雄市政府民政局主管,3.1.1.1
2016,3.1.2.1-33030300501,31683000,區政監督業務,高雄市政府民政局主管,高雄市政府民政局,區政行政,高雄市政府民政局,高雄市政府民政局主管,3.1.2.1
2016,3.1.3.1-33030300601,77546000,自治業務及里鄰組織,高雄市政府民政局主管,高雄市政府民政局,自治行政,高雄市政府民政局,高雄市政府民政局主管,3.1.3.1
2016,3.1.4.1-33030300801,11348000,戶籍行政業務,高雄市政府民政局主管,高雄市政府民政局,戶籍行政,高雄市政府民政局,高雄市政府民政局主管,3.1.4.1
2016,3.1.5.1-33030300901,624876000,各區戶政事務所業務,高雄市政府民政局主管,高雄市政府民政局,戶政事務所業務,高雄市政府民政局,高雄市政府民政局主管,3.1.5.1
2016,3.1.6.1-33030307901,280000,第一預備金,高雄市政府民政局主管,高雄市政府民政局,第一預備金,高雄市政府民政局,高雄市政府民政局主管,3.1.6.1
2016,3.1.7.1-53030300201,9628000,宗教輔導及禮俗改善,高雄市政府民政局主管,高雄市政府民政局,宗教禮俗業務,高雄市政府民政局,高雄市政府民政局主管,3.1.7.1
2016,3.1.8.1-60030300201,242051000,小型工程,高雄市政府民政局主管,高雄市政府民政局,基層建設,高雄市政府民政局,高雄市政府民政局主管,3.1.8.1
2016,3.2.1.1-33030310101,138019000,行政管理,高雄市政府民政局主管,高雄市殯葬管理處,一般行政,高雄市殯葬管理處,高雄市政府民政局主管,3.2.1.1
2016,3.2.2.1-33030311001,92215000,火葬殯殮管理,高雄市政府民政局主管,高雄市殯葬管理處,殯葬業務,高雄市殯葬管理處,高雄市政府民政局主管,3.2.2.1
2016,3.2.2.2-33030311002,1673000,設施企劃管理,高雄市政府民政局主管,高雄市殯葬管理處,殯葬業務,高雄市殯葬管理處,高雄市政府民政局主管,3.2.2.2
2016,3.2.2.3-33030311003,369000,殯儀服務管理,高雄市政府民政局主管,高雄市殯葬管理處,殯葬業務,高雄市殯葬管理處,高雄市政府民政局主管,3.2.2.3
2016,3.2.2.4-33030311004,353201000,多元墓政管理,高雄市政府民政局主管,高雄市殯葬管理處,殯葬業務,高雄市殯葬管理處,高雄市政府民政局主管,3.2.2.4
2016,3.3.1.1-33030320101,0,行政管理,高雄市政府民政局主管,高雄市兵役處,一般行政,高雄市兵役處,高雄市政府民政局主管,3.3.1.1
2016,3.3.2.1-33030322401,0,政軍業務,高雄市政府民政局主管,高雄市兵役處,軍務行政,高雄市兵役處,高雄市政府民政局主管,3.3.2.1
2016,3.3.3.1-33030322501,0,動員管理業務,高雄市政府民政局主管,高雄市兵役處,兵役動員管理,高雄市兵役處,高雄市政府民政局主管,3.3.3.1
2016,3.3.4.1-33030322601,0,徵兵處理,高雄市政府民政局主管,高雄市兵役處,兵員徵集,高雄市兵役處,高雄市政府民政局主管,3.3.4.1
2016,4.1.1.1-34040400101,113883000,行政管理,高雄市政府財政局主管,高雄市政府財政局,一般行政,高雄市政府財政局,高雄市政府財政局主管,4.1.1.1
2016,4.1.2.1-34040400201,2240000,財務行政,高雄市政府財政局主管,高雄市政府財政局,財務行政,高雄市政府財政局,高雄市政府財政局主管,4.1.2.1
2016,4.1.3.1-34040400301,826000,稅務金融管理,高雄市政府財政局主管,高雄市政府財政局,稅務金融管理,高雄市政府財政局,高雄市政府財政局主管,4.1.3.1
2016,4.1.4.1-34040400401,31822000,菸酒管理,高雄市政府財政局主管,高雄市政府財政局,菸酒管理,高雄市政府財政局,高雄市政府財政局主管,4.1.4.1
2016,4.1.5.1-34040400501,3560000,公用財產管理,高雄市政府財政局主管,高雄市政府財政局,公用財產管理,高雄市政府財政局,高雄市政府財政局主管,4.1.5.1
2016,4.1.6.1-34040400601,127987000,非公用財產管理,高雄市政府財政局主管,高雄市政府財政局,非公用財產管理,高雄市政府財政局,高雄市政府財政局主管,4.1.6.1
2016,4.1.7.1-34040400701,8592000,非公用財產開發,高雄市政府財政局主管,高雄市政府財政局,非公用財產開發,高雄市政府財政局,高雄市政府財政局主管,4.1.7.1
2016,4.1.8.1-34040400801,20099000,集中支付及市庫現金,高雄市政府財政局主管,高雄市政府財政局,集中支付及市庫現金管,高雄市政府財政局,高雄市政府財政局主管,4.1.8.1
2016,4.1.9.1-34040407901,233000,第一預備金,高雄市政府財政局主管,高雄市政府財政局,第一預備金,高雄市政府財政局,高雄市政府財政局主管,4.1.9.1
2016,4.1.10.1-61040408101,123907000,高雄市市有財產開發,高雄市政府財政局主管,高雄市政府財政局,非營業特種基金,高雄市政府財政局,高雄市政府財政局主管,4.1.10.1
2016,4.1.11.1-79040400202,2104203000,債務付息,高雄市政府財政局主管,高雄市政府財政局,債務付息,高雄市政府財政局,高雄市政府財政局主管,4.1.11.1
2016,4.1.12.1-80040400201,12568000,市債經理,高雄市政府財政局主管,高雄市政府財政局,市債經理,高雄市政府財政局,高雄市政府財政局主管,4.1.12.1
2016,4.2.1.1-34040410101,613329000,行政管理,高雄市政府財政局主管,高雄市稅捐稽徵處,一般行政,高雄市稅捐稽徵處,高雄市政府財政局主管,4.2.1.1
2016,4.2.2.1-34040410901,3029000,納稅服務,高雄市政府財政局主管,高雄市稅捐稽徵處,稅捐稽徵業務,高雄市稅捐稽徵處,高雄市政府財政局主管,4.2.2.1
2016,4.2.2.2-34040410902,48370000,財產稅稽徵,高雄市政府財政局主管,高雄市稅捐稽徵處,稅捐稽徵業務,高雄市稅捐稽徵處,高雄市政府財政局主管,4.2.2.2
2016,4.2.2.3-34040410903,44621000,消費稅稽徵,高雄市政府財政局主管,高雄市稅捐稽徵處,稅捐稽徵業務,高雄市稅捐稽徵處,高雄市政府財政局主管,4.2.2.3
2016,4.2.3.1-34040411001,22690000,稅務管理,高雄市政府財政局主管,高雄市稅捐稽徵處,稅務管理,高雄市稅捐稽徵處,高雄市政府財政局主管,4.2.3.1
2016,4.2.3.2-34040411002,19053000,電子作業,高雄市政府財政局主管,高雄市稅捐稽徵處,稅務管理,高雄市稅捐稽徵處,高雄市政府財政局主管,4.2.3.2
2016,4.2.3.3-34040411003,2362000,違章及行政救濟,高雄市政府財政局主管,高雄市稅捐稽徵處,稅務管理,高雄市稅捐稽徵處,高雄市政府財政局主管,4.2.3.3
2016,5.1.1.1-51050508101,42191049000,教育發展基金,高雄市政府教育局主管,高雄市政府教育局,非營業特種基金,高雄市政府教育局,高雄市政府教育局主管,5.1.1.1
2016,5.1.2.1-53050507901,190000,第一預備金,高雄市政府教育局主管,高雄市政府教育局,第一預備金,高雄市政府教育局,高雄市政府教育局主管,5.1.2.1
2016,5.2.1.1-53050510101,75811000,行政管理,高雄市政府教育局主管,高雄市體育處,一般行政,高雄市體育處,高雄市政府教育局主管,5.2.1.1
2016,5.2.2.1-53050510301,359813000,管理與活動,高雄市政府教育局主管,高雄市體育處,管理及設備,高雄市體育處,高雄市政府教育局主管,5.2.2.1
2016,5.2.3.1-53050510401,125777000,廳舍修建,高雄市政府教育局主管,高雄市體育處,廳舍興建與充實設備,高雄市體育處,高雄市政府教育局主管,5.2.3.1
2016,5.2.3.2-53050510402,410000,充實設備,高雄市政府教育局主管,高雄市體育處,廳舍興建與充實設備,高雄市體育處,高雄市政府教育局主管,5.2.3.2
2016,5.3.1.1-53050520101,33024000,行政管理,高雄市政府教育局主管,高雄市立社會教育館,一般行政,高雄市立社會教育館,高雄市政府教育局主管,5.3.1.1
2016,5.3.2.1-53050520501,11015000,業務管理,高雄市政府教育局主管,高雄市立社會教育館,活動與管理,高雄市立社會教育館,高雄市政府教育局主管,5.3.2.1
2016,5.3.2.2-53050520502,4745000,各項活動,高雄市政府教育局主管,高雄市立社會教育館,活動與管理,高雄市立社會教育館,高雄市政府教育局主管,5.3.2.2
2016,5.4.1.1-53050530101,8610000,行政管理,高雄市政府教育局主管,高雄市政府教育局家庭教,一般行政,高雄市政府教育局家庭教,高雄市政府教育局主管,5.4.1.1
2016,5.4.2.1-53050530501,534000,業務管理,高雄市政府教育局主管,高雄市政府教育局家庭教,活動與管理,高雄市政府教育局家庭教,高雄市政府教育局主管,5.4.2.1
2016,5.4.2.2-53050530502,12615000,各項活動,高雄市政府教育局主管,高雄市政府教育局家庭教,活動與管理,高雄市政府教育局家庭教,高雄市政府教育局主管,5.4.2.2
2016,6.1.1.1-59060600201,35279000,工業行政及管理,高雄市政府經濟發展局主管,高雄市政府經濟發展局,工業行政,高雄市政府經濟發展局,高雄市政府經濟發展局主管,6.1.1.1
2016,6.1.2.1-59060600301,183551000,公民營事業管理,高雄市政府經濟發展局主管,高雄市政府經濟發展局,公民營事業,高雄市政府經濟發展局,高雄市政府經濟發展局主管,6.1.2.1
2016,6.1.3.1-61060600101,198795000,行政管理,高雄市政府經濟發展局主管,高雄市政府經濟發展局,一般行政,高雄市政府經濟發展局,高雄市政府經濟發展局主管,6.1.3.1
2016,6.1.4.1-61060600201,63374000,產業服務與經營輔導,高雄市政府經濟發展局主管,高雄市政府經濟發展局,產業服務,高雄市政府經濟發展局,高雄市政府經濟發展局主管,6.1.4.1
2016,6.1.5.1-61060600301,78856000,商業行政及管理,高雄市政府經濟發展局主管,高雄市政府經濟發展局,商業行政,高雄市政府經濟發展局,高雄市政府經濟發展局主管,6.1.5.1
2016,6.1.6.1-61060600401,177442000,招商行政及管理,高雄市政府經濟發展局主管,高雄市政府經濟發展局,招商行政,高雄市政府經濟發展局,高雄市政府經濟發展局主管,6.1.6.1
2016,6.1.7.1-61060600501,160323000,零售市場及攤販管理,高雄市政府經濟發展局主管,高雄市政府經濟發展局,市場管理,高雄市政府經濟發展局,高雄市政府經濟發展局主管,6.1.7.1
2016,6.1.8.1-61060607901,283000,第一預備金,高雄市政府經濟發展局主管,高雄市政府經濟發展局,第一預備金,高雄市政府經濟發展局,高雄市政府經濟發展局主管,6.1.8.1
2016,7.1.1.1-60070700101,216253000,行政管理,高雄市政府工務局主管,高雄市政府工務局,一般行政,高雄市政府工務局,高雄市政府工務局主管,7.1.1.1
2016,7.1.1.2-60070700102,4074000,業務管理,高雄市政府工務局主管,高雄市政府工務局,一般行政,高雄市政府工務局,高雄市政府工務局主管,7.1.1.2
2016,7.1.2.1-60070700301,953483000,工程企劃業務管理及,高雄市政府工務局主管,高雄市政府工務局,工程企劃行政管理,高雄市政府工務局,高雄市政府工務局主管,7.1.2.1
2016,7.1.3.1-60070700401,48969000,建照審查及施工公安,高雄市政府工務局主管,高雄市政府工務局,建築管理,高雄市政府工務局,高雄市政府工務局主管,7.1.3.1
2016,7.1.4.1-60070707901,100000,第一預備金,高雄市政府工務局主管,高雄市政府工務局,第一預備金,高雄市政府工務局,高雄市政府工務局主管,7.1.4.1
2016,7.2.1.1-60070710101,158505000,行政管理,高雄市政府工務局主管,高雄市政府工務局新建工,一般行政,高雄市政府工務局新建工,高雄市政府工務局主管,7.2.1.1
2016,7.2.1.2-60070710102,1288000,業務管理,高雄市政府工務局主管,高雄市政府工務局新建工,一般行政,高雄市政府工務局新建工,高雄市政府工務局主管,7.2.1.2
2016,7.2.2.1-60070710501,2589120000,新建道路橋梁廣場地,高雄市政府工務局主管,高雄市政府工務局新建工,道路橋梁廣場地景工程,高雄市政府工務局新建工,高雄市政府工務局主管,7.2.2.1
2016,7.3.1.1-60070720101,409923000,行政管理,高雄市政府工務局主管,高雄市政府工務局養護工,一般行政,高雄市政府工務局養護工,高雄市政府工務局主管,7.3.1.1
2016,7.3.1.2-60070720102,56801000,業務管理,高雄市政府工務局主管,高雄市政府工務局養護工,一般行政,高雄市政府工務局養護工,高雄市政府工務局主管,7.3.1.2
2016,7.3.2.1-60070720601,313000,機械車輛保養廠管理,高雄市政府工務局主管,高雄市政府工務局養護工,維護保養廠管理,高雄市政府工務局養護工,高雄市政府工務局主管,7.3.2.1
2016,7.3.2.2-60070720602,5694000,拌合場管理,高雄市政府工務局主管,高雄市政府工務局養護工,維護保養廠管理,高雄市政府工務局養護工,高雄市政府工務局主管,7.3.2.2
2016,7.3.3.1-60070720701,2550000,道路橋梁養護及災害,高雄市政府工務局主管,高雄市政府工務局養護工,公共設施養護,高雄市政府工務局養護工,高雄市政府工務局主管,7.3.3.1
2016,7.3.3.2-60070720702,509726000,路燈裝護,高雄市政府工務局主管,高雄市政府工務局養護工,公共設施養護,高雄市政府工務局養護工,高雄市政府工務局主管,7.3.3.2
2016,7.3.3.3-60070720703,209209000,公園綠地道路公共設,高雄市政府工務局主管,高雄市政府工務局養護工,公共設施養護,高雄市政府工務局養護工,高雄市政府工務局主管,7.3.3.3
2016,7.3.4.1-60070720801,1995101000,公共設施改善工程,高雄市政府工務局主管,高雄市政府工務局養護工,公共建設,高雄市政府工務局養護工,高雄市政府工務局主管,7.3.4.1
2016,7.4.1.1-72070730101,86601000,行政管理,高雄市政府工務局主管,高雄市政府工務局違章建,一般行政,高雄市政府工務局違章建,高雄市政府工務局主管,7.4.1.1
2016,7.4.2.1-72070730201,7418000,違章拆除,高雄市政府工務局主管,高雄市政府工務局違章建,違章拆除業務,高雄市政府工務局違章建,高雄市政府工務局主管,7.4.2.1
2016,8.1.1.1-66080800201,2550035000,社會保險,高雄市政府社會局主管,高雄市政府社會局,社會保險,高雄市政府社會局,高雄市政府社會局主管,8.1.1.1
2016,8.1.2.1-67080800201,83918000,老弱及特殊市民收容,高雄市政府社會局主管,高雄市政府社會局,社會救助,高雄市政府社會局,高雄市政府社會局主管,8.1.2.1
2016,8.1.2.2-67080800202,1876331000,低收入戶暨清寒市民,高雄市政府社會局主管,高雄市政府社會局,社會救助,高雄市政府社會局,高雄市政府社會局主管,8.1.2.2
2016,8.1.3.1-68080800101,243985000,行政管理,高雄市政府社會局主管,高雄市政府社會局,一般行政,高雄市政府社會局,高雄市政府社會局主管,8.1.3.1
2016,8.1.3.2-68080800102,1090000,業務管理,高雄市政府社會局主管,高雄市政府社會局,一般行政,高雄市政府社會局,高雄市政府社會局主管,8.1.3.2
2016,8.1.4.1-68080800201,669000,各項慶典活動,高雄市政府社會局主管,高雄市政府社會局,各項慶典,高雄市政府社會局,高雄市政府社會局主管,8.1.4.1
2016,8.1.5.1-68080800301,3713000,人民團體輔導評鑑暨,高雄市政府社會局主管,高雄市政府社會局,人民團體組織,高雄市政府社會局,高雄市政府社會局主管,8.1.5.1
2016,8.1.6.1-68080800401,530000,推行合作業務,高雄市政府社會局主管,高雄市政府社會局,合作行政,高雄市政府社會局,高雄市政府社會局主管,8.1.6.1
2016,8.1.7.1-68080800501,5338000,社區發展,高雄市政府社會局主管,高雄市政府社會局,社區發展,高雄市政府社會局,高雄市政府社會局主管,8.1.7.1
2016,8.1.8.1-68080800601,3584102000,老人福利服務計畫,高雄市政府社會局主管,高雄市政府社會局,福利服務,高雄市政府社會局,高雄市政府社會局主管,8.1.8.1
2016,8.1.8.2-68080800602,1746032000,婦幼及青少年福利服,高雄市政府社會局主管,高雄市政府社會局,福利服務,高雄市政府社會局,高雄市政府社會局主管,8.1.8.2
2016,8.1.8.3-68080800603,3936036000,身心障礙福利服務計,高雄市政府社會局主管,高雄市政府社會局,福利服務,高雄市政府社會局,高雄市政府社會局主管,8.1.8.3
2016,8.1.8.4-68080800604,7577000,其他福利服務計畫,高雄市政府社會局主管,高雄市政府社會局,福利服務,高雄市政府社會局,高雄市政府社會局主管,8.1.8.4
2016,8.1.9.1-68080807901,4408000,第一預備金,高雄市政府社會局主管,高雄市政府社會局,第一預備金,高雄市政府社會局,高雄市政府社會局主管,8.1.9.1
2016,8.1.10.1-69080800201,8721000,國民就業,高雄市政府社會局主管,高雄市政府社會局,國民就業,高雄市政府社會局,高雄市政府社會局主管,8.1.10.1
2016,8.2.1.1-67080810203,18163000,仁愛之家公費家民給,高雄市政府社會局主管,高雄市政府社會局仁愛之,社會救助,高雄市政府社會局仁愛之,高雄市政府社會局主管,8.2.1.1
2016,8.2.2.1-68080810101,36746000,行政管理,高雄市政府社會局主管,高雄市政府社會局仁愛之,一般行政,高雄市政府社會局仁愛之,高雄市政府社會局主管,8.2.2.1
2016,8.2.3.1-68080810605,1433000,仁愛之家自費家民安,高雄市政府社會局主管,高雄市政府社會局仁愛之,福利服務,高雄市政府社會局仁愛之,高雄市政府社會局主管,8.2.3.1
2016,8.3.1.1-68080820101,24266000,行政管理,高雄市政府社會局主管,高雄市政府社會局兒童福,一般行政,高雄市政府社會局兒童福,高雄市政府社會局主管,8.3.1.1
2016,8.3.2.1-68080820606,18897000,兒童福利服務,高雄市政府社會局主管,高雄市政府社會局兒童福,福利服務,高雄市政府社會局兒童福,高雄市政府社會局主管,8.3.2.1
2016,8.4.1.1-68080830101,55527000,行政管理,高雄市政府社會局主管,高雄市政府社會局無障礙,一般行政,高雄市政府社會局無障礙,高雄市政府社會局主管,8.4.1.1
2016,8.4.2.1-68080830607,21415000,家民教養,高雄市政府社會局主管,高雄市政府社會局無障礙,福利服務,高雄市政府社會局無障礙,高雄市政府社會局主管,8.4.2.1
2016,8.5.1.1-68080840101,19258000,行政管理,高雄市政府社會局主管,高雄市政府社會局長青綜,一般行政,高雄市政府社會局長青綜,高雄市政府社會局主管,8.5.1.1
2016,8.5.2.1-68080840608,68950000,加強老人育樂及照顧,高雄市政府社會局主管,高雄市政府社會局長青綜,福利服務,高雄市政府社會局長青綜,高雄市政府社會局主管,8.5.2.1
2016,8.6.1.1-68080850101,79062000,行政管理,高雄市政府社會局主管,高雄市政府社會局家庭暴,一般行政,高雄市政府社會局家庭暴,高雄市政府社會局主管,8.6.1.1
2016,8.6.1.2-68080850102,4332000,業務管理,高雄市政府社會局主管,高雄市政府社會局家庭暴,一般行政,高雄市政府社會局家庭暴,高雄市政府社會局主管,8.6.1.2
2016,8.6.2.1-68080850609,24793000,家庭暴力及性侵害防,高雄市政府社會局主管,高雄市政府社會局家庭暴,福利服務,高雄市政府社會局家庭暴,高雄市政府社會局主管,8.6.2.1
2016,8.6.2.2-68080850610,24321000,兒童及少年保護服務,高雄市政府社會局主管,高雄市政府社會局家庭暴,福利服務,高雄市政府社會局家庭暴,高雄市政府社會局主管,8.6.2.2
2016,9.1.1.1-77090900101,697942000,行政管理,高雄市政府警察局主管,高雄市政府警察局,一般行政,高雄市政府警察局,高雄市政府警察局主管,9.1.1.1
2016,9.1.1.2-77090900102,946000,公關業務,高雄市政府警察局主管,高雄市政府警察局,一般行政,高雄市政府警察局,高雄市政府警察局主管,9.1.1.2
2016,9.1.1.3-77090900103,9109000,資訊業務,高雄市政府警察局主管,高雄市政府警察局,一般行政,高雄市政府警察局,高雄市政府警察局主管,9.1.1.3
2016,9.1.1.4-77090900104,4155000,業務行政,高雄市政府警察局主管,高雄市政府警察局,一般行政,高雄市政府警察局,高雄市政府警察局主管,9.1.1.4
2016,9.1.2.1-77090900201,133520000,業務管理,高雄市政府警察局主管,高雄市政府警察局,行政業務,高雄市政府警察局,高雄市政府警察局主管,9.1.2.1
2016,9.1.2.2-77090900202,37411000,行政警察業務,高雄市政府警察局主管,高雄市政府警察局,行政業務,高雄市政府警察局,高雄市政府警察局主管,9.1.2.2
2016,9.1.2.3-77090900203,270000,外事警察業務,高雄市政府警察局主管,高雄市政府警察局,行政業務,高雄市政府警察局,高雄市政府警察局主管,9.1.2.3
2016,9.1.3.1-77090900301,6511000,保安警察業務,高雄市政府警察局主管,高雄市政府警察局,保安業務,高雄市政府警察局,高雄市政府警察局主管,9.1.3.1
2016,9.1.3.2-77090900302,40962000,犯罪預防業務,高雄市政府警察局主管,高雄市政府警察局,保安業務,高雄市政府警察局,高雄市政府警察局主管,9.1.3.2
2016,9.1.4.1-77090900401,485000,保防管理,高雄市政府警察局主管,高雄市政府警察局,保防業務,高雄市政府警察局,高雄市政府警察局主管,9.1.4.1
2016,9.1.5.1-77090900501,2842000,勤務督察,高雄市政府警察局主管,高雄市政府警察局,督察業務,高雄市政府警察局,高雄市政府警察局主管,9.1.5.1
2016,9.1.5.2-77090900502,3143000,常年訓練,高雄市政府警察局主管,高雄市政府警察局,督察業務,高雄市政府警察局,高雄市政府警察局主管,9.1.5.2
2016,9.1.5.3-77090900503,9710000,勤務指揮,高雄市政府警察局主管,高雄市政府警察局,督察業務,高雄市政府警察局,高雄市政府警察局主管,9.1.5.3
2016,9.1.6.1-77090900601,5736000,戶口組訓管理,高雄市政府警察局主管,高雄市政府警察局,防治業務,高雄市政府警察局,高雄市政府警察局主管,9.1.6.1
2016,9.1.7.1-77090900701,2341000,防情偵察,高雄市政府警察局主管,高雄市政府警察局,民防業務,高雄市政府警察局,高雄市政府警察局主管,9.1.7.1
2016,9.1.8.1-77090900801,4327000,鑑識工作,高雄市政府警察局主管,高雄市政府警察局,刑事警察業務,高雄市政府警察局,高雄市政府警察局主管,9.1.8.1
2016,9.1.9.1-77090900901,273997000,一般行政,高雄市政府警察局主管,高雄市政府警察局,警隊業務,高雄市政府警察局,高雄市政府警察局主管,9.1.9.1
2016,9.1.9.2-77090900902,15267000,婦幼警察業務,高雄市政府警察局主管,高雄市政府警察局,警隊業務,高雄市政府警察局,高雄市政府警察局主管,9.1.9.2
2016,9.1.9.3-77090900903,20247000,少年警察業務,高雄市政府警察局主管,高雄市政府警察局,警隊業務,高雄市政府警察局,高雄市政府警察局主管,9.1.9.3
2016,9.1.9.4-77090900904,19494000,通信業務,高雄市政府警察局主管,高雄市政府警察局,警隊業務,高雄市政府警察局,高雄市政府警察局主管,9.1.9.4
2016,9.1.9.5-77090900905,10457000,捷運警察業務,高雄市政府警察局主管,高雄市政府警察局,警隊業務,高雄市政府警察局,高雄市政府警察局主管,9.1.9.5
2016,9.1.10.1-77090901001,5314416000,一般行政,高雄市政府警察局主管,高雄市政府警察局,分局業務,高雄市政府警察局,高雄市政府警察局主管,9.1.10.1
2016,9.1.10.2-77090901002,1082536000,各分局業務,高雄市政府警察局主管,高雄市政府警察局,分局業務,高雄市政府警察局,高雄市政府警察局主管,9.1.10.2
2016,9.1.11.1-77090901101,1601878000,一般行政,高雄市政府警察局主管,高雄市政府警察局,大隊業務,高雄市政府警察局,高雄市政府警察局主管,9.1.11.1
2016,9.1.11.2-77090901102,110813000,刑警勤務,高雄市政府警察局主管,高雄市政府警察局,大隊業務,高雄市政府警察局,高雄市政府警察局主管,9.1.11.2
2016,9.1.11.3-77090901103,79758000,保安勤務,高雄市政府警察局主管,高雄市政府警察局,大隊業務,高雄市政府警察局,高雄市政府警察局主管,9.1.11.3
2016,9.1.11.4-77090901104,154233000,交通勤務,高雄市政府警察局主管,高雄市政府警察局,大隊業務,高雄市政府警察局,高雄市政府警察局主管,9.1.11.4
2016,9.1.11.5-77090901105,108984000,交通安全管理,高雄市政府警察局主管,高雄市政府警察局,大隊業務,高雄市政府警察局,高雄市政府警察局主管,9.1.11.5
2016,9.1.12.1-77090907901,630000,第一預備金,高雄市政府警察局主管,高雄市政府警察局,第一預備金,高雄市政府警察局,高雄市政府警察局主管,9.1.12.1
2016,10.1.1.1-70101000101,288149000,行政管理,高雄市政府衛生局主管,高雄市政府衛生局,一般行政,高雄市政府衛生局,高雄市政府衛生局主管,10.1.1.1
2016,10.1.2.1-70101000201,499202000,醫政業務,高雄市政府衛生局主管,高雄市政府衛生局,衛生業務,高雄市政府衛生局,高雄市政府衛生局主管,10.1.2.1
2016,10.1.2.2-70101000202,2459000,藥政業務,高雄市政府衛生局主管,高雄市政府衛生局,衛生業務,高雄市政府衛生局,高雄市政府衛生局主管,10.1.2.2
2016,10.1.2.3-70101000203,12330000,食品衛生業務,高雄市政府衛生局主管,高雄市政府衛生局,衛生業務,高雄市政府衛生局,高雄市政府衛生局主管,10.1.2.3
2016,10.1.2.4-70101000204,75657000,健康管理業務,高雄市政府衛生局主管,高雄市政府衛生局,衛生業務,高雄市政府衛生局,高雄市政府衛生局主管,10.1.2.4
2016,10.1.2.5-70101000205,61700000,長期照護業務,高雄市政府衛生局主管,高雄市政府衛生局,衛生業務,高雄市政府衛生局,高雄市政府衛生局主管,10.1.2.5
2016,10.1.2.6-70101000206,22767000,檢驗業務,高雄市政府衛生局主管,高雄市政府衛生局,衛生業務,高雄市政府衛生局,高雄市政府衛生局主管,10.1.2.6
2016,10.1.2.7-70101000207,54356000,社區心衛中心業務,高雄市政府衛生局主管,高雄市政府衛生局,衛生業務,高雄市政府衛生局,高雄市政府衛生局主管,10.1.2.7
2016,10.1.2.8-70101000208,3286000,企劃業務,高雄市政府衛生局主管,高雄市政府衛生局,衛生業務,高雄市政府衛生局,高雄市政府衛生局主管,10.1.2.8
2016,10.1.3.1-70101000301,130117000,防疫工作,高雄市政府衛生局主管,高雄市政府衛生局,防疫業務,高雄市政府衛生局,高雄市政府衛生局主管,10.1.3.1
2016,10.1.4.1-70101000401,574815000,各區衛生所業務,高雄市政府衛生局主管,高雄市政府衛生局,衛生所業務,高雄市政府衛生局,高雄市政府衛生局主管,10.1.4.1
2016,10.1.5.1-70101000501,0,研究工作,高雄市政府衛生局主管,高雄市政府衛生局,登革熱研究業務,高雄市政府衛生局,高雄市政府衛生局主管,10.1.5.1
2016,10.1.6.1-70101007901,400000,第一預備金,高雄市政府衛生局主管,高雄市政府衛生局,第一預備金,高雄市政府衛生局,高雄市政府衛生局主管,10.1.6.1
2016,11.1.1.1-73111100101,2308618000,行政管理,高雄市政府環境保護局主管,高雄市政府環境保護局,一般行政,高雄市政府環境保護局,高雄市政府環境保護局主管,11.1.1.1
2016,11.1.1.2-73111100102,19811000,業務管理,高雄市政府環境保護局主管,高雄市政府環境保護局,一般行政,高雄市政府環境保護局,高雄市政府環境保護局主管,11.1.1.2
2016,11.1.1.3-73111100103,143602000,車輛管理及維護,高雄市政府環境保護局主管,高雄市政府環境保護局,一般行政,高雄市政府環境保護局,高雄市政府環境保護局主管,11.1.1.3
2016,11.1.2.1-73111100201,272000,空氣污染防制及噪音,高雄市政府環境保護局主管,高雄市政府環境保護局,空氣污染防制及噪音振,高雄市政府環境保護局,高雄市政府環境保護局主管,11.1.2.1
2016,11.1.3.1-73111100301,23554000,土壤及水污染管理防,高雄市政府環境保護局主管,高雄市政府環境保護局,土壤及水污染管理防治,高雄市政府環境保護局,高雄市政府環境保護局主管,11.1.3.1
2016,11.1.4.1-73111100401,796150000,垃圾集運管理,高雄市政府環境保護局主管,高雄市政府環境保護局,垃圾集運與清潔維護,高雄市政府環境保護局,高雄市政府環境保護局主管,11.1.4.1
2016,11.1.5.1-73111100501,359579000,都市廢棄物處理,高雄市政府環境保護局主管,高雄市政府環境保護局,都市廢棄物處理,高雄市政府環境保護局,高雄市政府環境保護局主管,11.1.5.1
2016,11.1.6.1-73111100601,5220000,勞工安全衛生,高雄市政府環境保護局主管,高雄市政府環境保護局,勞工安全衛生,高雄市政府環境保護局,高雄市政府環境保護局主管,11.1.6.1
2016,11.1.7.1-73111100701,65566000,環境影響評估及公害,高雄市政府環境保護局主管,高雄市政府環境保護局,環境影響評估及公害糾,高雄市政府環境保護局,高雄市政府環境保護局主管,11.1.7.1
2016,11.1.8.1-73111100801,31516000,環境污染稽查,高雄市政府環境保護局主管,高雄市政府環境保護局,環境污染稽查,高雄市政府環境保護局,高雄市政府環境保護局主管,11.1.8.1
2016,11.1.9.1-73111100901,3130000,環境公害檢驗,高雄市政府環境保護局主管,高雄市政府環境保護局,檢驗業務,高雄市政府環境保護局,高雄市政府環境保護局主管,11.1.9.1
2016,11.1.10.1-73111107901,420000,第一預備金,高雄市政府環境保護局主管,高雄市政府環境保護局,第一預備金,高雄市政府環境保護局,高雄市政府環境保護局主管,11.1.10.1
2016,11.2.1.1-73111110101,78533000,行政管理,高雄市政府環境保護局主管,高雄市政府環境保護局中,一般行政,高雄市政府環境保護局中,高雄市政府環境保護局主管,11.2.1.1
2016,11.2.1.2-73111110102,51026000,業務管理,高雄市政府環境保護局主管,高雄市政府環境保護局中,一般行政,高雄市政府環境保護局中,高雄市政府環境保護局主管,11.2.1.2
2016,11.2.2.1-73111111001,161477000,垃圾焚化操作,高雄市政府環境保護局主管,高雄市政府環境保護局中,垃圾焚化業務,高雄市政府環境保護局中,高雄市政府環境保護局主管,11.2.2.1
2016,11.3.1.1-73111120101,245651000,行政管理,高雄市政府環境保護局主管,高雄市政府環境保護局南,一般行政,高雄市政府環境保護局南,高雄市政府環境保護局主管,11.3.1.1
2016,11.3.1.2-73111120102,1428000,業務管理,高雄市政府環境保護局主管,高雄市政府環境保護局南,一般行政,高雄市政府環境保護局南,高雄市政府環境保護局主管,11.3.1.2
2016,11.3.2.1-73111121001,186607000,垃圾焚化操作,高雄市政府環境保護局主管,高雄市政府環境保護局南,垃圾焚化業務,高雄市政府環境保護局南,高雄市政府環境保護局主管,11.3.2.1
2016,12.1.1.1-33121200101,162063000,行政管理,高雄市政府地政局主管,高雄市政府地政局,一般行政,高雄市政府地政局,高雄市政府地政局主管,12.1.1.1
2016,12.1.1.2-33121200102,4254000,業務管理,高雄市政府地政局主管,高雄市政府地政局,一般行政,高雄市政府地政局,高雄市政府地政局主管,12.1.1.2
2016,12.1.2.1-33121201101,7861000,地籍管理,高雄市政府地政局主管,高雄市政府地政局,地籍業務,高雄市政府地政局,高雄市政府地政局主管,12.1.2.1
2016,12.1.3.1-33121201201,4064000,地籍調查及整理,高雄市政府地政局主管,高雄市政府地政局,地籍測量業務,高雄市政府地政局,高雄市政府地政局主管,12.1.3.1
2016,12.1.4.1-33121201301,1552000,地價管理,高雄市政府地政局主管,高雄市政府地政局,地價業務,高雄市政府地政局,高雄市政府地政局主管,12.1.4.1
2016,12.1.5.1-33121201401,3367000,地權管理,高雄市政府地政局主管,高雄市政府地政局,地權業務,高雄市政府地政局,高雄市政府地政局主管,12.1.5.1
2016,12.1.6.1-33121201501,832000,非都市土地管理及督,高雄市政府地政局主管,高雄市政府地政局,地用業務,高雄市政府地政局,高雄市政府地政局主管,12.1.6.1
2016,12.1.7.1-33121201601,671000,公共設施用地取得,高雄市政府地政局主管,高雄市政府地政局,徵收業務,高雄市政府地政局,高雄市政府地政局主管,12.1.7.1
2016,12.1.8.1-33121201701,1123000,地政及地理資訊發展,高雄市政府地政局主管,高雄市政府地政局,資訊業務,高雄市政府地政局,高雄市政府地政局主管,12.1.8.1
2016,12.1.9.1-33121207901,450000,第一預備金,高雄市政府地政局主管,高雄市政府地政局,第一預備金,高雄市政府地政局,高雄市政府地政局主管,12.1.9.1
2016,12.2.1.1-33121210101,130190000,行政管理,高雄市政府地政局主管,高雄市政府土地開發處,一般行政,高雄市政府土地開發處,高雄市政府地政局主管,12.2.1.1
2016,12.2.1.2-33121210102,758000,業務管理,高雄市政府地政局主管,高雄市政府土地開發處,一般行政,高雄市政府土地開發處,高雄市政府地政局主管,12.2.1.2
2016,12.2.2.1-33121211202,11794000,地籍圖重測及開發地,高雄市政府地政局主管,高雄市政府土地開發處,地籍測量業務,高雄市政府土地開發處,高雄市政府地政局主管,12.2.2.1
2016,12.2.3.1-33121211801,13498000,開發區勘選考工及基,高雄市政府地政局主管,高雄市政府土地開發處,土地開發業務,高雄市政府土地開發處,高雄市政府地政局主管,12.2.3.1
2016,12.2.3.2-33121211802,50000,土地查估及配地作業,高雄市政府地政局主管,高雄市政府土地開發處,土地開發業務,高雄市政府土地開發處,高雄市政府地政局主管,12.2.3.2
2016,12.2.3.3-33121211803,84000,土地處分及差額地價,高雄市政府地政局主管,高雄市政府土地開發處,土地開發業務,高雄市政府土地開發處,高雄市政府地政局主管,12.2.3.3
2016,12.2.3.4-33121211804,111241000,農地重劃及農村社區,高雄市政府地政局主管,高雄市政府土地開發處,土地開發業務,高雄市政府土地開發處,高雄市政府地政局主管,12.2.3.4
2016,12.2.4.1-33121212301,31500000,債務付息,高雄市政府地政局主管,高雄市政府土地開發處,債務付息,高雄市政府土地開發處,高雄市政府地政局主管,12.2.4.1
2016,12.3.1.1-33123500101,45154000,行政管理,高雄市政府地政局主管,高雄市政府鹽埕地政事務,一般行政,高雄市政府鹽埕地政事務,高雄市政府地政局主管,12.3.1.1
2016,12.3.1.2-33123500102,1850000,業務管理,高雄市政府地政局主管,高雄市政府鹽埕地政事務,一般行政,高雄市政府鹽埕地政事務,高雄市政府地政局主管,12.3.1.2
2016,12.3.2.1-33123501901,2001000,土地建物登記,高雄市政府地政局主管,高雄市政府鹽埕地政事務,地政業務,高雄市政府鹽埕地政事務,高雄市政府地政局主管,12.3.2.1
2016,12.3.2.2-33123501902,424000,土地複丈分割測量,高雄市政府地政局主管,高雄市政府鹽埕地政事務,地政業務,高雄市政府鹽埕地政事務,高雄市政府地政局主管,12.3.2.2
2016,12.3.2.3-33123501903,153000,土地現值查估編製,高雄市政府地政局主管,高雄市政府鹽埕地政事務,地政業務,高雄市政府鹽埕地政事務,高雄市政府地政局主管,12.3.2.3
2016,12.3.2.4-33123501905,119000,地籍資料及檔案管理,高雄市政府地政局主管,高雄市政府鹽埕地政事務,地政業務,高雄市政府鹽埕地政事務,高雄市政府地政局主管,12.3.2.4
2016,12.4.1.1-33123510101,48870000,行政管理,高雄市政府地政局主管,高雄市政府新興地政事務,一般行政,高雄市政府新興地政事務,高雄市政府地政局主管,12.4.1.1
2016,12.4.1.2-33123510102,1281000,業務管理,高雄市政府地政局主管,高雄市政府新興地政事務,一般行政,高雄市政府新興地政事務,高雄市政府地政局主管,12.4.1.2
2016,12.4.2.1-33123511901,3076000,土地建物登記,高雄市政府地政局主管,高雄市政府新興地政事務,地政業務,高雄市政府新興地政事務,高雄市政府地政局主管,12.4.2.1
2016,12.4.2.2-33123511902,333000,土地複丈分割測量,高雄市政府地政局主管,高雄市政府新興地政事務,地政業務,高雄市政府新興地政事務,高雄市政府地政局主管,12.4.2.2
2016,12.4.2.3-33123511903,125000,土地現值查估編製,高雄市政府地政局主管,高雄市政府新興地政事務,地政業務,高雄市政府新興地政事務,高雄市政府地政局主管,12.4.2.3
2016,12.4.2.4-33123511905,121000,地籍資料及檔案管理,高雄市政府地政局主管,高雄市政府新興地政事務,地政業務,高雄市政府新興地政事務,高雄市政府地政局主管,12.4.2.4
2016,12.5.1.1-33123520101,52507000,行政管理,高雄市政府地政局主管,高雄市政府前鎮地政事務,一般行政,高雄市政府前鎮地政事務,高雄市政府地政局主管,12.5.1.1
2016,12.5.1.2-33123520102,1379000,業務管理,高雄市政府地政局主管,高雄市政府前鎮地政事務,一般行政,高雄市政府前鎮地政事務,高雄市政府地政局主管,12.5.1.2
2016,12.5.2.1-33123521901,2342000,土地建物登記,高雄市政府地政局主管,高雄市政府前鎮地政事務,地政業務,高雄市政府前鎮地政事務,高雄市政府地政局主管,12.5.2.1
2016,12.5.2.2-33123521902,478000,土地複丈分割測量,高雄市政府地政局主管,高雄市政府前鎮地政事務,地政業務,高雄市政府前鎮地政事務,高雄市政府地政局主管,12.5.2.2
2016,12.5.2.3-33123521903,166000,土地現值查估編製,高雄市政府地政局主管,高雄市政府前鎮地政事務,地政業務,高雄市政府前鎮地政事務,高雄市政府地政局主管,12.5.2.3
2016,12.5.2.4-33123521905,67000,地籍資料及檔案管理,高雄市政府地政局主管,高雄市政府前鎮地政事務,地政業務,高雄市政府前鎮地政事務,高雄市政府地政局主管,12.5.2.4
2016,12.6.1.1-33123530101,51628000,行政管理,高雄市政府地政局主管,高雄市政府楠梓地政事務,一般行政,高雄市政府楠梓地政事務,高雄市政府地政局主管,12.6.1.1
2016,12.6.1.2-33123530102,1545000,業務管理,高雄市政府地政局主管,高雄市政府楠梓地政事務,一般行政,高雄市政府楠梓地政事務,高雄市政府地政局主管,12.6.1.2
2016,12.6.2.1-33123531901,2436000,土地建物登記,高雄市政府地政局主管,高雄市政府楠梓地政事務,地政業務,高雄市政府楠梓地政事務,高雄市政府地政局主管,12.6.2.1
2016,12.6.2.2-33123531902,677000,土地複丈分割測量,高雄市政府地政局主管,高雄市政府楠梓地政事務,地政業務,高雄市政府楠梓地政事務,高雄市政府地政局主管,12.6.2.2
2016,12.6.2.3-33123531903,238000,土地現值查估編製,高雄市政府地政局主管,高雄市政府楠梓地政事務,地政業務,高雄市政府楠梓地政事務,高雄市政府地政局主管,12.6.2.3
2016,12.6.2.4-33123531905,55000,地籍資料及檔案管理,高雄市政府地政局主管,高雄市政府楠梓地政事務,地政業務,高雄市政府楠梓地政事務,高雄市政府地政局主管,12.6.2.4
2016,12.7.1.1-33123540101,53336000,行政管理,高雄市政府地政局主管,高雄市政府三民地政事務,一般行政,高雄市政府三民地政事務,高雄市政府地政局主管,12.7.1.1
2016,12.7.1.2-33123540102,1459000,業務管理,高雄市政府地政局主管,高雄市政府三民地政事務,一般行政,高雄市政府三民地政事務,高雄市政府地政局主管,12.7.1.2
2016,12.7.2.1-33123541901,3432000,土地建物登記,高雄市政府地政局主管,高雄市政府三民地政事務,地政業務,高雄市政府三民地政事務,高雄市政府地政局主管,12.7.2.1
2016,12.7.2.2-33123541902,453000,土地複丈分割測量,高雄市政府地政局主管,高雄市政府三民地政事務,地政業務,高雄市政府三民地政事務,高雄市政府地政局主管,12.7.2.2
2016,12.7.2.3-33123541903,256000,土地現值查估編製,高雄市政府地政局主管,高雄市政府三民地政事務,地政業務,高雄市政府三民地政事務,高雄市政府地政局主管,12.7.2.3
2016,12.7.2.4-33123541905,181000,地籍資料及檔案管理,高雄市政府地政局主管,高雄市政府三民地政事務,地政業務,高雄市政府三民地政事務,高雄市政府地政局主管,12.7.2.4
2016,12.8.1.1-33123550101,57062000,行政管理,高雄市政府地政局主管,高雄市政府鳳山地政事務,一般行政,高雄市政府鳳山地政事務,高雄市政府地政局主管,12.8.1.1
2016,12.8.1.2-33123550102,2510000,業務管理,高雄市政府地政局主管,高雄市政府鳳山地政事務,一般行政,高雄市政府鳳山地政事務,高雄市政府地政局主管,12.8.1.2
2016,12.8.2.1-33123551901,6997000,土地建物登記,高雄市政府地政局主管,高雄市政府鳳山地政事務,地政業務,高雄市政府鳳山地政事務,高雄市政府地政局主管,12.8.2.1
2016,12.8.2.2-33123551902,1275000,土地複丈分割測量,高雄市政府地政局主管,高雄市政府鳳山地政事務,地政業務,高雄市政府鳳山地政事務,高雄市政府地政局主管,12.8.2.2
2016,12.8.2.3-33123551903,725000,土地現值查估編製,高雄市政府地政局主管,高雄市政府鳳山地政事務,地政業務,高雄市政府鳳山地政事務,高雄市政府地政局主管,12.8.2.3
2016,12.8.2.4-33123551905,731000,地籍資料及檔案管理,高雄市政府地政局主管,高雄市政府鳳山地政事務,地政業務,高雄市政府鳳山地政事務,高雄市政府地政局主管,12.8.2.4
2016,12.9.1.1-33123560101,56935000,行政管理,高雄市政府地政局主管,高雄市政府岡山地政事務,一般行政,高雄市政府岡山地政事務,高雄市政府地政局主管,12.9.1.1
2016,12.9.1.2-33123560102,1995000,業務管理,高雄市政府地政局主管,高雄市政府岡山地政事務,一般行政,高雄市政府岡山地政事務,高雄市政府地政局主管,12.9.1.2
2016,12.9.2.1-33123561901,3092000,土地建物登記,高雄市政府地政局主管,高雄市政府岡山地政事務,地政業務,高雄市政府岡山地政事務,高雄市政府地政局主管,12.9.2.1
2016,12.9.2.2-33123561902,2342000,土地複丈分割測量,高雄市政府地政局主管,高雄市政府岡山地政事務,地政業務,高雄市政府岡山地政事務,高雄市政府地政局主管,12.9.2.2
2016,12.9.2.3-33123561903,1167000,土地現值查估編製,高雄市政府地政局主管,高雄市政府岡山地政事務,地政業務,高雄市政府岡山地政事務,高雄市政府地政局主管,12.9.2.3
2016,12.9.2.4-33123561904,710000,非都市土地使用編定,高雄市政府地政局主管,高雄市政府岡山地政事務,地政業務,高雄市政府岡山地政事務,高雄市政府地政局主管,12.9.2.4
2016,12.10.1.1-33123570101,36235000,行政管理,高雄市政府地政局主管,高雄市政府旗山地政事務,一般行政,高雄市政府旗山地政事務,高雄市政府地政局主管,12.10.1.1
2016,12.10.2.1-33123571901,4129000,土地建物登記,高雄市政府地政局主管,高雄市政府旗山地政事務,地政業務,高雄市政府旗山地政事務,高雄市政府地政局主管,12.10.2.1
2016,12.10.2.2-33123571902,1320000,土地複丈分割測量,高雄市政府地政局主管,高雄市政府旗山地政事務,地政業務,高雄市政府旗山地政事務,高雄市政府地政局主管,12.10.2.2
2016,12.10.2.3-33123571903,778000,土地現值查估編製,高雄市政府地政局主管,高雄市政府旗山地政事務,地政業務,高雄市政府旗山地政事務,高雄市政府地政局主管,12.10.2.3
2016,12.11.1.1-33123580101,55307000,行政管理,高雄市政府地政局主管,高雄市政府路竹地政事務,一般行政,高雄市政府路竹地政事務,高雄市政府地政局主管,12.11.1.1
2016,12.11.1.2-33123580102,1196000,業務管理,高雄市政府地政局主管,高雄市政府路竹地政事務,一般行政,高雄市政府路竹地政事務,高雄市政府地政局主管,12.11.1.2
2016,12.11.2.1-33123581901,3374000,土地建物登記,高雄市政府地政局主管,高雄市政府路竹地政事務,地政業務,高雄市政府路竹地政事務,高雄市政府地政局主管,12.11.2.1
2016,12.11.2.2-33123581902,1720000,土地複丈分割測量,高雄市政府地政局主管,高雄市政府路竹地政事務,地政業務,高雄市政府路竹地政事務,高雄市政府地政局主管,12.11.2.2
2016,12.11.2.3-33123581903,869000,土地現值查估編製,高雄市政府地政局主管,高雄市政府路竹地政事務,地政業務,高雄市政府路竹地政事務,高雄市政府地政局主管,12.11.2.3
2016,12.11.2.4-33123581904,379000,非都市土地使用編定,高雄市政府地政局主管,高雄市政府路竹地政事務,地政業務,高雄市政府路竹地政事務,高雄市政府地政局主管,12.11.2.4
2016,12.12.1.1-33123590101,53656000,行政管理,高雄市政府地政局主管,高雄市政府仁武地政事務,一般行政,高雄市政府仁武地政事務,高雄市政府地政局主管,12.12.1.1
2016,12.12.1.2-33123590102,1249000,業務管理,高雄市政府地政局主管,高雄市政府仁武地政事務,一般行政,高雄市政府仁武地政事務,高雄市政府地政局主管,12.12.1.2
2016,12.12.2.1-33123591901,2888000,土地建物登記,高雄市政府地政局主管,高雄市政府仁武地政事務,地政業務,高雄市政府仁武地政事務,高雄市政府地政局主管,12.12.2.1
2016,12.12.2.2-33123591902,1092000,土地複丈分割測量,高雄市政府地政局主管,高雄市政府仁武地政事務,地政業務,高雄市政府仁武地政事務,高雄市政府地政局主管,12.12.2.2
2016,12.12.2.3-33123591903,687000,土地現值查估編製,高雄市政府地政局主管,高雄市政府仁武地政事務,地政業務,高雄市政府仁武地政事務,高雄市政府地政局主管,12.12.2.3
2016,12.12.2.4-33123591904,424000,非都市土地使用編定,高雄市政府地政局主管,高雄市政府仁武地政事務,地政業務,高雄市政府仁武地政事務,高雄市政府地政局主管,12.12.2.4
2016,12.13.1.1-33123600101,34526000,行政管理,高雄市政府地政局主管,高雄市政府美濃地政事務,一般行政,高雄市政府美濃地政事務,高雄市政府地政局主管,12.13.1.1
2016,12.13.2.1-33123601901,2625000,土地建物登記,高雄市政府地政局主管,高雄市政府美濃地政事務,地政業務,高雄市政府美濃地政事務,高雄市政府地政局主管,12.13.2.1
2016,12.13.2.2-33123601902,1477000,土地複丈分割測量,高雄市政府地政局主管,高雄市政府美濃地政事務,地政業務,高雄市政府美濃地政事務,高雄市政府地政局主管,12.13.2.2
2016,12.13.2.3-33123601903,758000,土地現值查估編製,高雄市政府地政局主管,高雄市政府美濃地政事務,地政業務,高雄市政府美濃地政事務,高雄市政府地政局主管,12.13.2.3
2016,12.14.1.1-33123610101,49692000,行政管理,高雄市政府地政局主管,高雄市政府大寮地政事務,一般行政,高雄市政府大寮地政事務,高雄市政府地政局主管,12.14.1.1
2016,12.14.1.2-33123610102,1507000,業務管理,高雄市政府地政局主管,高雄市政府大寮地政事務,一般行政,高雄市政府大寮地政事務,高雄市政府地政局主管,12.14.1.2
2016,12.14.2.1-33123611901,5493000,土地建物登記,高雄市政府地政局主管,高雄市政府大寮地政事務,地政業務,高雄市政府大寮地政事務,高雄市政府地政局主管,12.14.2.1
2016,12.14.2.2-33123611902,950000,土地複丈分割測量,高雄市政府地政局主管,高雄市政府大寮地政事務,地政業務,高雄市政府大寮地政事務,高雄市政府地政局主管,12.14.2.2
2016,12.14.2.3-33123611903,715000,土地現值查估編製,高雄市政府地政局主管,高雄市政府大寮地政事務,地政業務,高雄市政府大寮地政事務,高雄市政府地政局主管,12.14.2.3
2016,12.14.2.4-33123611904,149000,非都市土地使用編定,高雄市政府地政局主管,高雄市政府大寮地政事務,地政業務,高雄市政府大寮地政事務,高雄市政府地政局主管,12.14.2.4
2016,13.1.1.1-53131300101,56208000,行政管理,高雄市政府新聞局主管,高雄市政府新聞局,一般行政,高雄市政府新聞局,高雄市政府新聞局主管,13.1.1.1
2016,13.1.2.1-53131300601,21713000,出版及視聽事業之管,高雄市政府新聞局主管,高雄市政府新聞局,新聞行政,高雄市政府新聞局,高雄市政府新聞局主管,13.1.2.1
2016,13.1.3.1-53131300701,60525000,綜合宣傳,高雄市政府新聞局主管,高雄市政府新聞局,新聞服務,高雄市政府新聞局,高雄市政府新聞局主管,13.1.3.1
2016,13.1.4.1-53131300801,11678000,行銷出版及編印書刊,高雄市政府新聞局主管,高雄市政府新聞局,行銷出版業務,高雄市政府新聞局,高雄市政府新聞局主管,13.1.4.1
2016,13.1.5.1-53131300901,4060000,發布新聞及媒體服務,高雄市政府新聞局主管,高雄市政府新聞局,新聞發布,高雄市政府新聞局,高雄市政府新聞局主管,13.1.5.1
2016,13.1.6.1-53131307901,500000,第一預備金,高雄市政府新聞局主管,高雄市政府新聞局,第一預備金,高雄市政府新聞局,高雄市政府新聞局主管,13.1.6.1
2016,13.2.1.1-53131310101,38246000,行政管理,高雄市政府新聞局主管,高雄廣播電臺,一般行政,高雄廣播電臺,高雄市政府新聞局主管,13.2.1.1
2016,13.2.2.1-53131311001,5228000,編訪管理,高雄市政府新聞局主管,高雄廣播電臺,廣播業務,高雄廣播電臺,高雄市政府新聞局主管,13.2.2.1
2016,14.1.1.1-33141400101,52036000,行政管理,高雄市政府兵役局主管,高雄市政府兵役局,一般行政,高雄市政府兵役局,高雄市政府兵役局主管,14.1.1.1
2016,14.1.2.1-33141402401,46342000,政軍業務,高雄市政府兵役局主管,高雄市政府兵役局,軍務行政,高雄市政府兵役局,高雄市政府兵役局主管,14.1.2.1
2016,14.1.3.1-33141402501,14456000,動員管理業務,高雄市政府兵役局主管,高雄市政府兵役局,兵役動員管理,高雄市政府兵役局,高雄市政府兵役局主管,14.1.3.1
2016,14.1.4.1-33141402601,46094000,徵兵處理,高雄市政府兵役局主管,高雄市政府兵役局,兵員徵集,高雄市政府兵役局,高雄市政府兵役局主管,14.1.4.1
2016,14.1.5.1-33141407901,100000,第一預備金,高雄市政府兵役局主管,高雄市政府兵役局,第一預備金,高雄市政府兵役局,高雄市政府兵役局主管,14.1.5.1
2016,15.1.1.1-58151500101,102871000,行政管理,高雄市政府農業局主管,高雄市政府農業局,一般行政,高雄市政府農業局,高雄市政府農業局主管,15.1.1.1
2016,15.1.2.1-58151500201,18710000,農務管理,高雄市政府農業局主管,高雄市政府農業局,農業業務,高雄市政府農業局,高雄市政府農業局主管,15.1.2.1
2016,15.1.2.2-58151500202,61414000,農村與農業發展,高雄市政府農業局主管,高雄市政府農業局,農業業務,高雄市政府農業局,高雄市政府農業局主管,15.1.2.2
2016,15.1.2.3-58151500203,21782000,生態保育管理,高雄市政府農業局主管,高雄市政府農業局,農業業務,高雄市政府農業局,高雄市政府農業局主管,15.1.2.3
2016,15.1.2.4-58151500204,5789000,畜產推廣,高雄市政府農業局主管,高雄市政府農業局,農業業務,高雄市政府農業局,高雄市政府農業局主管,15.1.2.4
2016,15.1.2.5-58151500205,6061000,農會及合作事業輔導,高雄市政府農業局主管,高雄市政府農業局,農業業務,高雄市政府農業局,高雄市政府農業局主管,15.1.2.5
2016,15.1.2.6-58151500206,302524000,農產運銷,高雄市政府農業局主管,高雄市政府農業局,農業業務,高雄市政府農業局,高雄市政府農業局主管,15.1.2.6
2016,15.1.3.1-58151507901,320000,第一預備金,高雄市政府農業局主管,高雄市政府農業局,第一預備金,高雄市政府農業局,高雄市政府農業局主管,15.1.3.1
2016,15.1.4.1-66151500201,103936000,社會保險,高雄市政府農業局主管,高雄市政府農業局,社會保險,高雄市政府農業局,高雄市政府農業局主管,15.1.4.1
2016,15.1.5.1-68151500611,1276800000,農民福利服務,高雄市政府農業局主管,高雄市政府農業局,福利服務,高雄市政府農業局,高雄市政府農業局主管,15.1.5.1
2016,15.2.1.1-58151510101,58814000,行政管理,高雄市政府農業局主管,高雄市動物保護處,一般行政,高雄市動物保護處,高雄市政府農業局主管,15.2.1.1
2016,15.2.2.1-58151510301,878000,動物疾病檢驗,高雄市政府農業局主管,高雄市動物保護處,動物保護與防疫,高雄市動物保護處,高雄市政府農業局主管,15.2.2.1
2016,15.2.2.2-58151510302,390000,獸醫行政管理,高雄市政府農業局主管,高雄市動物保護處,動物保護與防疫,高雄市動物保護處,高雄市政府農業局主管,15.2.2.2
2016,15.2.2.3-58151510303,23298000,動物防疫,高雄市政府農業局主管,高雄市動物保護處,動物保護與防疫,高雄市動物保護處,高雄市政府農業局主管,15.2.2.3
2016,15.2.2.4-58151510304,13249000,動物保護,高雄市政府農業局主管,高雄市動物保護處,動物保護與防疫,高雄市動物保護處,高雄市政府農業局主管,15.2.2.4
2016,15.2.2.5-58151510305,57039000,動物收容管理,高雄市政府農業局主管,高雄市動物保護處,動物保護與防疫,高雄市動物保護處,高雄市政府農業局主管,15.2.2.5
2016,16.1.1.1-66161600201,228802000,社會保險,高雄市政府勞工局主管,高雄市政府勞工局,社會保險,高雄市政府勞工局,高雄市政府勞工局主管,16.1.1.1
2016,16.1.2.1-68161600101,91838000,行政管理,高雄市政府勞工局主管,高雄市政府勞工局,一般行政,高雄市政府勞工局,高雄市政府勞工局主管,16.1.2.1
2016,16.1.2.2-68161600102,11221000,業務管理,高雄市政府勞工局主管,高雄市政府勞工局,一般行政,高雄市政府勞工局,高雄市政府勞工局主管,16.1.2.2
2016,16.1.3.1-68161600801,462000,勞工行政業務綜合規,高雄市政府勞工局主管,高雄市政府勞工局,勞工行政,高雄市政府勞工局,高雄市政府勞工局主管,16.1.3.1
2016,16.1.3.2-68161600802,18800000,提升就業暨保障勞動,高雄市政府勞工局主管,高雄市政府勞工局,勞工行政,高雄市政府勞工局,高雄市政府勞工局主管,16.1.3.2
2016,16.1.4.1-68161600901,28865000,工會輔導、勞工組訓,高雄市政府勞工局主管,高雄市政府勞工局,勞工組織,高雄市政府勞工局,高雄市政府勞工局主管,16.1.4.1
2016,16.1.5.1-68161601001,30131000,勞工福利、身心障礙,高雄市政府勞工局主管,高雄市政府勞工局,勞工福利暨身心障礙者,高雄市政府勞工局,高雄市政府勞工局主管,16.1.5.1
2016,16.1.6.1-68161601101,19602000,勞動條件之督導考核,高雄市政府勞工局主管,高雄市政府勞工局,勞動條件,高雄市政府勞工局,高雄市政府勞工局主管,16.1.6.1
2016,16.1.7.1-68161601201,5257000,促進勞資和諧,高雄市政府勞工局主管,高雄市政府勞工局,勞資關係,高雄市政府勞工局,高雄市政府勞工局主管,16.1.7.1
2016,16.1.8.1-68161601301,1372000,促進就業輔導、保障,高雄市政府勞工局主管,高雄市政府勞工局,促進國民就業服務,高雄市政府勞工局,高雄市政府勞工局主管,16.1.8.1
2016,16.1.9.1-68161607901,300000,第一預備金,高雄市政府勞工局主管,高雄市政府勞工局,第一預備金,高雄市政府勞工局,高雄市政府勞工局主管,16.1.9.1
2016,16.2.1.1-68161610101,83088000,行政管理,高雄市政府勞工局主管,高雄市政府勞工局勞動檢,一般行政,高雄市政府勞工局勞動檢,高雄市政府勞工局主管,16.2.1.1
2016,16.2.1.2-68161610102,3484000,業務管理,高雄市政府勞工局主管,高雄市政府勞工局勞動檢,一般行政,高雄市政府勞工局勞動檢,高雄市政府勞工局主管,16.2.1.2
2016,16.2.2.1-68161611401,3000000,勞動條件及勞工安全,高雄市政府勞工局主管,高雄市政府勞工局勞動檢,勞動檢查,高雄市政府勞工局勞動檢,高雄市政府勞工局主管,16.2.2.1
2016,16.2.2.2-68161611402,1405000,營造業及危險行業安,高雄市政府勞工局主管,高雄市政府勞工局勞動檢,勞動檢查,高雄市政府勞工局勞動檢,高雄市政府勞工局主管,16.2.2.2
2016,16.2.2.3-68161611403,1607000,特殊危害工作環境檢,高雄市政府勞工局主管,高雄市政府勞工局勞動檢,勞動檢查,高雄市政府勞工局勞動檢,高雄市政府勞工局主管,16.2.2.3
2016,16.2.2.4-68161611404,1463000,特定危險性機械或設,高雄市政府勞工局主管,高雄市政府勞工局勞動檢,勞動檢查,高雄市政府勞工局勞動檢,高雄市政府勞工局主管,16.2.2.4
2016,16.2.2.5-68161611405,1452000,職災預防規劃,高雄市政府勞工局主管,高雄市政府勞工局勞動檢,勞動檢查,高雄市政府勞工局勞動檢,高雄市政府勞工局主管,16.2.2.5
2016,16.3.1.1-68161620101,25642000,行政管理,高雄市政府勞工局主管,高雄市政府勞工局勞工教,一般行政,高雄市政府勞工局勞工教,高雄市政府勞工局主管,16.3.1.1
2016,16.3.1.2-68161620102,17048000,業務管理,高雄市政府勞工局主管,高雄市政府勞工局勞工教,一般行政,高雄市政府勞工局勞工教,高雄市政府勞工局主管,16.3.1.2
2016,16.3.2.1-68161621501,2346000,推展勞工教育服務,高雄市政府勞工局主管,高雄市政府勞工局勞工教,各項活動,高雄市政府勞工局勞工教,高雄市政府勞工局主管,16.3.2.1
2016,16.3.2.2-68161621502,2285000,推展勞工技藝研習活,高雄市政府勞工局主管,高雄市政府勞工局勞工教,各項活動,高雄市政府勞工局勞工教,高雄市政府勞工局主管,16.3.2.2
2016,16.4.1.1-69161630101,48042000,行政管理,高雄市政府勞工局主管,高雄市政府勞工局訓練就,一般行政,高雄市政府勞工局訓練就,高雄市政府勞工局主管,16.4.1.1
2016,16.4.1.2-69161630102,5985000,業務管理,高雄市政府勞工局主管,高雄市政府勞工局訓練就,一般行政,高雄市政府勞工局訓練就,高雄市政府勞工局主管,16.4.1.2
2016,16.4.2.1-69161630301,12184000,訓練業務,高雄市政府勞工局主管,高雄市政府勞工局訓練就,職業訓練,高雄市政府勞工局訓練就,高雄市政府勞工局主管,16.4.2.1
2016,16.4.2.2-69161630302,308000,學員輔導與職訓,高雄市政府勞工局主管,高雄市政府勞工局訓練就,職業訓練,高雄市政府勞工局訓練就,高雄市政府勞工局主管,16.4.2.2
2016,16.4.3.1-69161630401,5113000,就業輔導,高雄市政府勞工局主管,高雄市政府勞工局訓練就,國民就業輔導,高雄市政府勞工局訓練就,高雄市政府勞工局主管,16.4.3.1
2016,16.5.1.1-69161640101,15517000,行政管理,高雄市政府勞工局主管,高雄市政府勞工局博愛職,一般行政,高雄市政府勞工局博愛職,高雄市政府勞工局主管,16.5.1.1
2016,16.5.2.1-69161640501,8416000,訓練與輔導,高雄市政府勞工局主管,高雄市政府勞工局博愛職,身心障礙職業訓練與重,高雄市政府勞工局博愛職,高雄市政府勞工局主管,16.5.2.1
2016,17.1.1.1-60171700101,35025000,行政管理,高雄市政府捷運工程局主管,高雄市政府捷運工程局,一般行政,高雄市政府捷運工程局,高雄市政府捷運工程局主管,17.1.1.1
2016,17.1.2.1-60171708101,756092000,捷運建設基金,高雄市政府捷運工程局主管,高雄市政府捷運工程局,非營業特種基金,高雄市政府捷運工程局,高雄市政府捷運工程局主管,17.1.2.1
2016,17.1.2.2-60171708102,588555000,大眾捷運系統土地開,高雄市政府捷運工程局主管,高雄市政府捷運工程局,非營業特種基金,高雄市政府捷運工程局,高雄市政府捷運工程局主管,17.1.2.2
2016,17.1.3.1-79171700202,160673000,債務付息,高雄市政府捷運工程局主管,高雄市政府捷運工程局,債務付息,高雄市政府捷運工程局,高雄市政府捷運工程局主管,17.1.3.1
2016,18.1.1.1-33181800101,1803942000,行政管理,高雄市政府消防局主管,高雄市政府消防局,一般行政,高雄市政府消防局,高雄市政府消防局主管,18.1.1.1
2016,18.1.1.2-33181800102,166098000,業務管理,高雄市政府消防局主管,高雄市政府消防局,一般行政,高雄市政府消防局,高雄市政府消防局主管,18.1.1.2
2016,18.1.2.1-33181802101,1912000,火災預防業務,高雄市政府消防局主管,高雄市政府消防局,消防業務,高雄市政府消防局,高雄市政府消防局主管,18.1.2.1
2016,18.1.2.2-33181802102,68941000,災害搶救業務,高雄市政府消防局主管,高雄市政府消防局,消防業務,高雄市政府消防局,高雄市政府消防局主管,18.1.2.2
2016,18.1.2.3-33181802103,2482000,教育訓練業務,高雄市政府消防局主管,高雄市政府消防局,消防業務,高雄市政府消防局,高雄市政府消防局主管,18.1.2.3
2016,18.1.2.4-33181802104,486000,火災調查業務,高雄市政府消防局主管,高雄市政府消防局,消防業務,高雄市政府消防局,高雄市政府消防局主管,18.1.2.4
2016,18.1.2.5-33181802105,10025000,救災救護指揮業務,高雄市政府消防局主管,高雄市政府消防局,消防業務,高雄市政府消防局,高雄市政府消防局主管,18.1.2.5
2016,18.1.2.6-33181802106,36743000,災害管理業務,高雄市政府消防局主管,高雄市政府消防局,消防業務,高雄市政府消防局,高雄市政府消防局主管,18.1.2.6
2016,18.1.2.7-33181802107,10570000,緊急救護業務,高雄市政府消防局主管,高雄市政府消防局,消防業務,高雄市政府消防局,高雄市政府消防局主管,18.1.2.7
2016,18.1.2.8-33181802108,623000,危險物品管理業務,高雄市政府消防局主管,高雄市政府消防局,消防業務,高雄市政府消防局,高雄市政府消防局主管,18.1.2.8
2016,18.1.2.9-33181802109,3136000,大隊救災救護業務,高雄市政府消防局主管,高雄市政府消防局,消防業務,高雄市政府消防局,高雄市政府消防局主管,18.1.2.9
2016,18.1.3.1-33181807901,318000,第一預備金,高雄市政府消防局主管,高雄市政府消防局,第一預備金,高雄市政府消防局,高雄市政府消防局主管,18.1.3.1
2016,19.1.1.1-53191900101,205336000,行政管理,高雄市政府文化局主管,高雄市政府文化局,一般行政,高雄市政府文化局,高雄市政府文化局主管,19.1.1.1
2016,19.1.2.1-53191901101,133246000,文化政策與環境推展,高雄市政府文化局主管,高雄市政府文化局,文化建設與活動,高雄市政府文化局,高雄市政府文化局主管,19.1.2.1
2016,19.1.2.2-53191901102,112696000,文化資產維護與營運,高雄市政府文化局主管,高雄市政府文化局,文化建設與活動,高雄市政府文化局,高雄市政府文化局主管,19.1.2.2
2016,19.1.2.3-53191901103,36505000,表演藝術推動,高雄市政府文化局主管,高雄市政府文化局,文化建設與活動,高雄市政府文化局,高雄市政府文化局主管,19.1.2.3
2016,19.1.2.4-53191901104,18941000,文創產業與視覺藝術,高雄市政府文化局主管,高雄市政府文化局,文化建設與活動,高雄市政府文化局,高雄市政府文化局主管,19.1.2.4
2016,19.1.2.5-53191901105,20780000,影視產業推動業務,高雄市政府文化局主管,高雄市政府文化局,文化建設與活動,高雄市政府文化局,高雄市政府文化局主管,19.1.2.5
2016,19.1.2.6-53191901106,80338000,駁二營運中心業務,高雄市政府文化局主管,高雄市政府文化局,文化建設與活動,高雄市政府文化局,高雄市政府文化局主管,19.1.2.6
2016,19.1.2.7-53191901107,26863000,岡山文化中心業務,高雄市政府文化局主管,高雄市政府文化局,文化建設與活動,高雄市政府文化局,高雄市政府文化局主管,19.1.2.7
2016,19.1.2.8-53191901108,39209000,文化中心業務,高雄市政府文化局主管,高雄市政府文化局,文化建設與活動,高雄市政府文化局,高雄市政府文化局主管,19.1.2.8
2016,19.1.3.1-53191907901,500000,第一預備金,高雄市政府文化局主管,高雄市政府文化局,第一預備金,高雄市政府文化局,高雄市政府文化局主管,19.1.3.1
2016,19.2.1.1-53191910101,125983000,行政管理,高雄市政府文化局主管,高雄市立美術館,一般行政,高雄市立美術館,高雄市政府文化局主管,19.2.1.1
2016,19.2.2.1-53191910501,59469000,業務管理,高雄市政府文化局主管,高雄市立美術館,活動與管理,高雄市立美術館,高雄市政府文化局主管,19.2.2.1
2016,19.3.1.1-53191920101,168594000,行政管理,高雄市政府文化局主管,高雄市立圖書館,一般行政,高雄市立圖書館,高雄市政府文化局主管,19.3.1.1
2016,19.3.2.1-53191921201,231759000,開放閱覽,高雄市政府文化局主管,高雄市立圖書館,圖書管理,高雄市立圖書館,高雄市政府文化局主管,19.3.2.1
2016,19.3.2.2-53191921202,24776000,各項活動,高雄市政府文化局主管,高雄市立圖書館,圖書管理,高雄市立圖書館,高雄市政府文化局主管,19.3.2.2
2016,19.4.1.1-53191930101,36253000,行政管理,高雄市政府文化局主管,高雄市立歷史博物館,一般行政,高雄市立歷史博物館,高雄市政府文化局主管,19.4.1.1
2016,19.4.2.1-53191930501,43163000,業務管理,高雄市政府文化局主管,高雄市立歷史博物館,活動與管理,高雄市立歷史博物館,高雄市政府文化局主管,19.4.2.1
2016,19.5.1.1-53191940101,13475000,行政管理,高雄市政府文化局主管,高雄市電影館,一般行政,高雄市電影館,高雄市政府文化局主管,19.5.1.1
2016,19.5.2.1-53191940501,53587000,業務管理,高雄市政府文化局主管,高雄市電影館,活動與管理,高雄市電影館,高雄市政府文化局主管,19.5.2.1
2016,20.1.1.1-60202000101,235389000,行政管理,高雄市政府交通局主管,高雄市政府交通局,一般行政,高雄市政府交通局,高雄市政府交通局主管,20.1.1.1
2016,20.1.2.1-60202000901,51656000,運輸規劃,高雄市政府交通局主管,高雄市政府交通局,交通規劃及管理,高雄市政府交通局,高雄市政府交通局主管,20.1.2.1
2016,20.1.2.2-60202000902,2131000,停車場管理,高雄市政府交通局主管,高雄市政府交通局,交通規劃及管理,高雄市政府交通局,高雄市政府交通局主管,20.1.2.2
2016,20.1.2.3-60202000903,1445537000,運輸管理,高雄市政府交通局主管,高雄市政府交通局,交通規劃及管理,高雄市政府交通局,高雄市政府交通局主管,20.1.2.3
2016,20.1.2.4-60202000904,182687000,交通管制,高雄市政府交通局主管,高雄市政府交通局,交通規劃及管理,高雄市政府交通局,高雄市政府交通局主管,20.1.2.4
2016,20.1.2.5-60202000905,15798000,交通裁罰業務,高雄市政府交通局主管,高雄市政府交通局,交通規劃及管理,高雄市政府交通局,高雄市政府交通局主管,20.1.2.5
2016,20.1.3.1-60202007901,240000,第一預備金,高雄市政府交通局主管,高雄市政府交通局,第一預備金,高雄市政府交通局,高雄市政府交通局主管,20.1.3.1
2016,20.2.1.1-60202011001,10314000,車輛行車事故鑑定業,高雄市政府交通局主管,高雄市政府交通局車輛行,交通行政,高雄市政府交通局車輛行,高雄市政府交通局主管,20.2.1.1
2016,21.1.1.1-58212100101,100836000,行政管理,高雄市政府海洋局主管,高雄市政府海洋局,一般行政,高雄市政府海洋局,高雄市政府海洋局主管,21.1.1.1
2016,21.1.2.1-58212100401,37919000,港務行政及管理,高雄市政府海洋局主管,高雄市政府海洋局,港務行政,高雄市政府海洋局,高雄市政府海洋局主管,21.1.2.1
2016,21.1.3.1-58212100501,3282000,漁業行政及管理,高雄市政府海洋局主管,高雄市政府海洋局,漁業行政,高雄市政府海洋局,高雄市政府海洋局主管,21.1.3.1
2016,21.1.3.2-58212100502,106838000,漁業輔導及推廣,高雄市政府海洋局主管,高雄市政府海洋局,漁業行政,高雄市政府海洋局,高雄市政府海洋局主管,21.1.3.2
2016,21.1.4.1-58212100601,133313000,漁業工程規劃及修建,高雄市政府海洋局主管,高雄市政府海洋局,漁業設施,高雄市政府海洋局,高雄市政府海洋局主管,21.1.4.1
2016,21.1.5.1-58212107901,200000,第一預備金,高雄市政府海洋局主管,高雄市政府海洋局,第一預備金,高雄市政府海洋局,高雄市政府海洋局主管,21.1.5.1
2016,21.1.6.1-61212100601,5853000,海洋行政及管理,高雄市政府海洋局主管,高雄市政府海洋局,海洋行政,高雄市政府海洋局,高雄市政府海洋局主管,21.1.6.1
2016,21.1.6.2-61212100602,12690000,海洋產業輔導及管理,高雄市政府海洋局主管,高雄市政府海洋局,海洋行政,高雄市政府海洋局,高雄市政府海洋局主管,21.1.6.2
2016,21.1.7.1-67212100301,9624000,漁業災害救助,高雄市政府海洋局主管,高雄市政府海洋局,漁業救助,高雄市政府海洋局,高雄市政府海洋局主管,21.1.7.1
2016,21.1.8.1-68212100701,224592000,漁業福利,高雄市政府海洋局主管,高雄市政府海洋局,漁業福利,高雄市政府海洋局,高雄市政府海洋局主管,21.1.8.1
2016,22.1.1.1-72222200101,163647000,行政管理,高雄市政府都市發展局主管,高雄市政府都市發展局,一般行政,高雄市政府都市發展局,高雄市政府都市發展局主管,22.1.1.1
2016,22.1.1.2-72222200102,5284000,業務管理,高雄市政府都市發展局主管,高雄市政府都市發展局,一般行政,高雄市政府都市發展局,高雄市政府都市發展局主管,22.1.1.2
2016,22.1.2.1-72222200301,1321000,綜合企劃業務,高雄市政府都市發展局主管,高雄市政府都市發展局,都市發展業務,高雄市政府都市發展局,高雄市政府都市發展局主管,22.1.2.1
2016,22.1.2.2-72222200302,1501000,區域發展及審議業務,高雄市政府都市發展局主管,高雄市政府都市發展局,都市發展業務,高雄市政府都市發展局,高雄市政府都市發展局主管,22.1.2.2
2016,22.1.2.3-72222200303,3039000,都市規劃業務,高雄市政府都市發展局主管,高雄市政府都市發展局,都市發展業務,高雄市政府都市發展局,高雄市政府都市發展局主管,22.1.2.3
2016,22.1.2.4-72222200304,914000,都市設計業務,高雄市政府都市發展局主管,高雄市政府都市發展局,都市發展業務,高雄市政府都市發展局,高雄市政府都市發展局主管,22.1.2.4
2016,22.1.2.5-72222200305,22907000,社區營造業務,高雄市政府都市發展局主管,高雄市政府都市發展局,都市發展業務,高雄市政府都市發展局,高雄市政府都市發展局主管,22.1.2.5
2016,22.1.2.6-72222200306,145559000,更新及住宅發展業務,高雄市政府都市發展局主管,高雄市政府都市發展局,都市發展業務,高雄市政府都市發展局,高雄市政府都市發展局主管,22.1.2.6
2016,22.1.2.7-72222200307,13828000,都市開發業務,高雄市政府都市發展局主管,高雄市政府都市發展局,都市發展業務,高雄市政府都市發展局,高雄市政府都市發展局主管,22.1.2.7
2016,22.1.3.1-72222200401,55910000,都市規劃設計及更新,高雄市政府都市發展局主管,高雄市政府都市發展局,都市發展計畫業務,高雄市政府都市發展局,高雄市政府都市發展局主管,22.1.3.1
2016,22.1.4.1-72222207901,409000,第一預備金,高雄市政府都市發展局主管,高雄市政府都市發展局,第一預備金,高雄市政府都市發展局,高雄市政府都市發展局主管,22.1.4.1
2016,23.1.1.1-32232300101,47719000,行政管理,高雄市政府法制局主管,高雄市政府法制局,一般行政,高雄市政府法制局,高雄市政府法制局主管,23.1.1.1
2016,23.1.2.1-32232302701,723000,審議人民訴願案件,高雄市政府法制局主管,高雄市政府法制局,訴願審議,高雄市政府法制局,高雄市政府法制局主管,23.1.2.1
2016,23.1.3.1-32232302801,1357000,法規審議管制及編制,高雄市政府法制局主管,高雄市政府法制局,法規業務,高雄市政府法制局,高雄市政府法制局主管,23.1.3.1
2016,23.1.4.1-32232302901,304000,國家賠償法業務,高雄市政府法制局主管,高雄市政府法制局,國家賠償法業務,高雄市政府法制局,高雄市政府法制局主管,23.1.4.1
2016,23.1.5.1-32232307901,100000,第一預備金,高雄市政府法制局主管,高雄市政府法制局,第一預備金,高雄市政府法制局,高雄市政府法制局主管,23.1.5.1
2016,23.1.6.1-89232300401,16816000,國家賠償準備,高雄市政府法制局主管,高雄市政府法制局,國家賠償準備,高雄市政府法制局,高雄市政府法制局主管,23.1.6.1
2016,24.1.1.1-53242401301,33298000,動物園管理,高雄市政府觀光局主管,高雄市政府觀光局,動物園管理,高雄市政府觀光局,高雄市政府觀光局主管,24.1.1.1
2016,24.1.2.1-61242400101,134124000,行政管理,高雄市政府觀光局主管,高雄市政府觀光局,一般行政,高雄市政府觀光局,高雄市政府觀光局主管,24.1.2.1
2016,24.1.3.1-61242400701,37916000,觀光行銷管理,高雄市政府觀光局主管,高雄市政府觀光局,觀光行銷管理,高雄市政府觀光局,高雄市政府觀光局主管,24.1.3.1
2016,24.1.4.1-61242400801,3942000,觀光產業管理,高雄市政府觀光局主管,高雄市政府觀光局,觀光產業管理,高雄市政府觀光局,高雄市政府觀光局主管,24.1.4.1
2016,24.1.5.1-61242400901,44860000,觀光活動推展,高雄市政府觀光局主管,高雄市政府觀光局,觀光活動推展,高雄市政府觀光局,高雄市政府觀光局主管,24.1.5.1
2016,24.1.6.1-61242401001,150075000,風景區規劃與建設,高雄市政府觀光局主管,高雄市政府觀光局,風景區規劃與建設,高雄市政府觀光局,高雄市政府觀光局主管,24.1.6.1
2016,24.1.7.1-61242401101,68483000,風景區維護與管理,高雄市政府觀光局主管,高雄市政府觀光局,風景區維護與管理,高雄市政府觀光局,高雄市政府觀光局主管,24.1.7.1
2016,24.1.8.1-61242407901,190000,第一預備金,高雄市政府觀光局主管,高雄市政府觀光局,第一預備金,高雄市政府觀光局,高雄市政府觀光局主管,24.1.8.1
2016,25.1.1.1-58252500701,1260803000,排水防洪,高雄市政府水利局主管,高雄市政府水利局,水利工程,高雄市政府水利局,高雄市政府水利局主管,25.1.1.1
2016,25.1.1.2-58252500702,243872000,溝渠及防洪設施維護,高雄市政府水利局主管,高雄市政府水利局,水利工程,高雄市政府水利局,高雄市政府水利局主管,25.1.1.2
2016,25.1.1.3-58252500703,72000000,水土保持,高雄市政府水利局主管,高雄市政府水利局,水利工程,高雄市政府水利局,高雄市政府水利局主管,25.1.1.3
2016,25.1.2.1-73252500101,300458000,行政管理,高雄市政府水利局主管,高雄市政府水利局,一般行政,高雄市政府水利局,高雄市政府水利局主管,25.1.2.1
2016,25.1.2.2-73252500102,669000,業務管理,高雄市政府水利局主管,高雄市政府水利局,一般行政,高雄市政府水利局,高雄市政府水利局主管,25.1.2.2
2016,25.1.3.1-73252501101,618378000,營運管理,高雄市政府水利局主管,高雄市政府水利局,營運行政,高雄市政府水利局,高雄市政府水利局主管,25.1.3.1
2016,25.1.4.1-73252501201,3204280000,污水系統,高雄市政府水利局主管,高雄市政府水利局,水質保護工程,高雄市政府水利局,高雄市政府水利局主管,25.1.4.1
2016,25.1.5.1-73252507901,326000,第一預備金,高雄市政府水利局主管,高雄市政府水利局,第一預備金,高雄市政府水利局,高雄市政府水利局主管,25.1.5.1
2016,26.1.1.1-75700050201,5973687000,退撫金,統籌支撥科目,退撫金,退撫金,退撫金,統籌支撥科目,26.1.1.1
2016,26.2.1.1-89700060201,808410000,公務人員待遇福利,統籌支撥科目,公務人員待遇福利,公務人員待遇福利,公務人員待遇福利,統籌支撥科目,26.2.1.1
2016,26.3.1.1-89700070301,1212000000,災害準備金,統籌支撥科目,災害準備金,災害準備金,災害準備金,統籌支撥科目,26.3.1.1
2016,27.1.1.1-90800080201,500000000,第二預備金,第二預備金,第二預備金,第二預備金,第二預備金,第二預備金,27.1.1.1