營業基金：,,,,,,,,,,,,,,,,,,,,,,,,,,
,,,,,,,,,,,,,,,,,,,,,,,,,,
臺中市附屬單位預算,,,,,,,,,,,,,,,,,,,,,,,,,,
營 業 基 金 財 務 摘 要 綜 計 表,,,,,,,,,,,,,,,,,,,,,,,,,,
,,,   單位：新臺幣百萬元,,,,,,,,,,,,,,,,,,,,,,,
,,,,,,,,,,,,,,,,,,,,,,,,,,
項      目,本年度,上年度,比較增減數,%,,,,,,,,,,,,,,,,,,,,,,
,,,,,,,,,,,,,,,,,,,,,,,,,,
經 營 成 績 :,,,,,,,,,,,,,,,,,,,,,,,,,,
    營業總收入,59,428,-368.36,-86.12,,,,,,,,,,,,,,,,,,,,,,
    營業總支出,123,268,-145.54,-54.21,,,,,,,,,,,,,,,,,,,,,,
    純益(純損-),-64,159,-222.82,-139.91,,,,,,,,,,,,,,,,,,,,,,
營業總收入,,,,,,,,,,,,,,,,,,,,,,,,,,
,,,,,,,,,,,,,,,,,,,,,,,,,,
盈 虧 撥 補 :,,,,,,,,,,,,,,,,,,,,,,,,,,
    市庫分得股息紅利,0,0,0,0,,,,,,,,,,,,,,,,,,,,,,
    留存事業機關盈餘,18,213,-195.33,-91.57,,,,,,,,,,,,,,,,,,,,,,
    事業機關負擔虧損,164,0,164.39,0,,,,,,,,,,,,,,,,,,,,,,
,,,,,,,,,,,,,,,,,,,,,,,,,,
現 金 流 量 : (附註1),,,,,,,,,,,,,,,,,,,,,,,,,,
    增加固定資產及遞耗資產,0,-3,3.07,-89.77,,,,,,,,,,,,,,,,,,,,,,
    增加長期債務,0,0,0,0,,,,,,,,,,,,,,,,,,,,,,
,,,,,,,,,,,,,,,,,,,,,,,,,,
    現金及約當現金淨增,3,222,-218.98,-98.55,,,,,,,,,,,,,,,,,,,,,,
    現金及約當現金淨減,-52,0,-52.12,0,,,,,,,,,,,,,,,,,,,,,,
,,,,,,,,,,,,,,,,,,,,,,,,,,
財 務 狀 況 : ,,,,,,,,,,,,,,,,,,,,,,,,,,
,,,,,,,,,,,,,,,,,,,,,,,,,,
    營運資金餘額 (附註2),26,76,-49.58,-65.24,,,,,,,,,,,,,,,,,,,,,,
    固定資產餘額,24,27,-3.16,-11.76,,,,,,,,,,,,,,,,,,,,,,
    長期負債餘額,0,0,0,0,,,,,,,,,,,,,,,,,,,,,,
    業主權益,66.23,119.83,-53.6,-44.73,,,,,,,,,,,,,,,,,,,,,,
"附註：1.現金流量係採現金及約當現金基礎，包括現金、存放銀行同業、可自由動用之存放
               ",,,,,,,,,,,,,,,,,,,,,,,,,,
              央行及自投資日起3個月內到期或清償之債權證?。,,,,,,,,,,,,,,,,,,,,,,,,,,
           2.營運資金餘額=流動資產-流動負債。,,,,,,,,,,,,,,,,,,,,,,,,,,
,,,,,,,,,,,,,,,,,,,,,,,,,,
,,,,,,,,,,,,,,,,,,,,,,,,,,
臺中市附屬單位預算,,,,,,,,,,,,,,,,,,,,,,,,,,
營 業 基 金 損 益 綜 計 表,,,,,,,,,,,,,,,,,,,,,,,,,,
                                                                                                             (依收支科目分列),,,,,,,,,,,,,,,,,,,,,,,,,,
                                        中華民國105年度,,,,,單位：新臺幣千元,,,,,,,,,,,,,,,,,,,,,
科        目,本年度預算數,,上年度預算數,,比較增減(-),,,,,,,,,,,,,,,,,,,,,
,金  額,%,金  額,%,金  額,%,,,,,,,,,,,,,,,,,,,,
營業收入,"52,878",100,"420,159",100,"-367,281",-87.41,,,,,,,,,,,,,,,,,,,,
   勞務收入 ,"20,690",39.13,"21,063",5.01,-373,-1.77,,,,,,,,,,,,,,,,,,,,
       管理費收入,"20,690",39.13,"21,063",5.01,-373,-1.77,,,,,,,,,,,,,,,,,,,,
   運輸收入 ,"30,655",57.97,"276,012",65.69,"-245,357",-88.89,,,,,,,,,,,,,,,,,,,,
       客運收入,"30,655",57.97,"276,012",65.69,"-245,357",-88.89,,,,,,,,,,,,,,,,,,,,
   印刷出版廣告收入 ,"1,533",2.9,"27,306",6.5,"-25,773",-94.39,,,,,,,,,,,,,,,,,,,,
       廣告收入,"1,533",2.9,"27,306",6.5,"-25,773",-94.39,,,,,,,,,,,,,,,,,,,,
   其他營業收入 , -   , -   ,"95,778",22.8,"-95,778",-100,,,,,,,,,,,,,,,,,,,,
       營業資產租金收入, -   , -   ,"95,778",22.8,"-95,778",-100,,,,,,,,,,,,,,,,,,,,
營業成本,"75,486",142.76,"201,664",48,"-126,178",-62.57,,,,,,,,,,,,,,,,,,,,
   輸儲成本 ,"75,486",142.76,"201,664",48,"-126,178",-62.57,,,,,,,,,,,,,,,,,,,,
       維持費用,"58,750",111.1,"155,644",37.04,"-96,894",-62.25,,,,,,,,,,,,,,,,,,,,
       行車費用,"16,736",31.66,"46,020",10.96,"-29,284",-63.63,,,,,,,,,,,,,,,,,,,,
營業毛利(毛損-),"-22,608",-42.76,"218,495",52,"-241,103",-110.35,,,,,,,,,,,,,,,,,,,,
營業費用,"47,390",89.62,"34,168",8.13,"13,222",38.7,,,,,,,,,,,,,,,,,,,,
行銷費用,"10,951",20.71,"10,728",2.55,223,2.08,,,,,,,,,,,,,,,,,,,,
       行銷費用,"10,951",20.71,"10,728",2.55,223,2.08,,,,,,,,,,,,,,,,,,,,
    管理費用,"36,427",68.89,"23,425",5.58,"13,002",55.5,,,,,,,,,,,,,,,,,,,,
        管理費用,"36,427",68.89,"23,425",5.58,"13,002",55.5,,,,,,,,,,,,,,,,,,,,
    其他營業費用,12,0.02,15,0,-3,-20,,,,,,,,,,,,,,,,,,,,
        員工訓練費用,12,0.02,15,0,-3,-20,,,,,,,,,,,,,,,,,,,,
營業利益(損失-),"-69,998",-132.38,"184,327",43.87,"-254,325",-137.97,,,,,,,,,,,,,,,,,,,,
營業外收入,"6,468",12.23,"7,550",1.8,"-1,082",-14.33,,,,,,,,,,,,,,,,,,,,
    財務收入,330,0.62,320,0.08,10,3.13,,,,,,,,,,,,,,,,,,,,
        利息收入,330,0.62,320,0.08,10,3.13,,,,,,,,,,,,,,,,,,,,
    其他營業外收入,"6,138",11.61,"7,230",1.72,"-1,092",-15.1,,,,,,,,,,,,,,,,,,,,
        什項收入,"6,138",11.61,"7,230",1.72,"-1,092",-15.1,,,,,,,,,,,,,,,,,,,,
營業外利益(損失-),"6,468",12.23,"7,550",1.8,"-1,082",-14.33,,,,,,,,,,,,,,,,,,,,
稅前純益(純損-),"-63,530",-120.15,"191,877",45.67,"-255,407",-133.11,,,,,,,,,,,,,,,,,,,,
所得稅費用(利益-),38,0.07,"32,619",7.77,"-32,581",-99.88,,,,,,,,,,,,,,,,,,,,
    所得稅費用(利益-),38,0.07,"32,619",7.77,"-32,581",-99.88,,,,,,,,,,,,,,,,,,,,
        所得稅費用(利益-),38,0.07,"32,619",7.77,"-32,581",-99.88,,,,,,,,,,,,,,,,,,,,
本期純益(純損-),"-63,568",-120.22,"159,258",37.9,"-222,826",-139.92,,,,,,,,,,,,,,,,,,,,
,,,,,,,,,,,,,,,,,,,,,,,,,,
,,,,,,,,,,,,,,,,,,,,,,,,,,
臺中市附屬單位預算,,,,,,,,,,,,,,,,,,,,,,,,,,
營 業 基 金 損 益 綜 計 表,,,,,,,,,,,,,,,,,,,,,,,,,,
                                                                                                                 (依基金別分列),,,,,,,,,,,,,,,,,,,,,,,,,,
                                        中華民國105年度,,,,,,單位：新臺幣千元,,,,,,,,,,,,,,,,,,,,
科        目, 合  計 ,, 豐原農產品                      股份有限公司 ,, 臺中快捷巴士股份有限公司 ,,,,,,,,,,,,,,,,,,,,,
, 金  額 , % , 金  額 , % , 金  額 , % ,,,,,,,,,,,,,,,,,,,,
營業收入,"52,878",100,"20,690",100,"32,188",100,,,,,,,,,,,,,,,,,,,,
   勞務收入 ,"20,690",39.13,"20,690",100, -   , -   ,,,,,,,,,,,,,,,,,,,,
       管理費收入,"20,690",39.13,"20,690",100, -   , -   ,,,,,,,,,,,,,,,,,,,,
   運輸收入 ,"30,655",57.97, -   , -   ,"30,655",95.24,,,,,,,,,,,,,,,,,,,,
       客運收入,"30,655",57.97, -   , -   ,"30,655",95.24,,,,,,,,,,,,,,,,,,,,
   印刷出版廣告收入 ,"1,533",2.9, -   , -   ,"1,533",4.76,,,,,,,,,,,,,,,,,,,,
       廣告收入,"1,533",2.9, -   , -   ,"1,533",4.76,,,,,,,,,,,,,,,,,,,,
   其他營業收入 , -   , -   , -   , -   , -   , -   ,,,,,,,,,,,,,,,,,,,,
       營業資產租金收入, -   , -   , -   , -   , -   , -   ,,,,,,,,,,,,,,,,,,,,
營業成本,"75,486",142.76, -   , -   ,"75,486",234.52,,,,,,,,,,,,,,,,,,,,
   輸儲成本 ,"75,486",142.76, -   , -   ,"75,486",234.52,,,,,,,,,,,,,,,,,,,,
       維持費用,"58,750",111.1, -   , -   ,"58,750",182.52,,,,,,,,,,,,,,,,,,,,
       行車費用,"16,736",31.66, -   , -   ,"16,736",52,,,,,,,,,,,,,,,,,,,,
營業毛利(毛損-),"-22,608",-42.76,"20,690",100,"-43,298",-134.52,,,,,,,,,,,,,,,,,,,,
營業費用,"47,390",89.62,"26,548",128.31,"20,842",64.75,,,,,,,,,,,,,,,,,,,,
行銷費用,"10,951",20.71,"10,851",52.44,100,0.31,,,,,,,,,,,,,,,,,,,,
       行銷費用,"10,951",20.71,"10,851",52.44,100,0.31,,,,,,,,,,,,,,,,,,,,
    管理費用,"36,427",68.89,"15,697",75.87,"20,730",64.4,,,,,,,,,,,,,,,,,,,,
        管理費用,"36,427",68.89,"15,697",75.87,"20,730",64.4,,,,,,,,,,,,,,,,,,,,
    其他營業費用,12,0.02, -   , -   ,12,0.04,,,,,,,,,,,,,,,,,,,,
        員工訓練費用,12,0.02, -   , -   ,12,0.04,,,,,,,,,,,,,,,,,,,,
營業利益(損失-),"-69,998",-132.38,"-5,858",-28.31,"-64,140",-199.27,,,,,,,,,,,,,,,,,,,,
營業外收入,"6,468",12.23,"6,078",29.37,390,1.21,,,,,,,,,,,,,,,,,,,,
    財務收入,330,0.62,150,0.72,180,0.56,,,,,,,,,,,,,,,,,,,,
        利息收入,330,0.62,150,0.72,180,0.56,,,,,,,,,,,,,,,,,,,,
    其他營業外收入,"6,138",11.61,"5,928",28.65,210,0.65,,,,,,,,,,,,,,,,,,,,
        什項收入,"6,138",11.61,"5,928",28.65,210,0.65,,,,,,,,,,,,,,,,,,,,
營業外利益(損失-),"6,468",12.2319301,"6,078",29.36651039,390,1.211631664,,,,,,,,,,,,,,,,,,,,
稅前純益(純損-),"-63,530",-120.1544835,220,1.063315611,"-63,750",-198.0551758,,,,,,,,,,,,,,,,,,,,
所得稅費用(利益-),38,0.071863535,38,0.183663606, -   ,0,,,,,,,,,,,,,,,,,,,,
    所得稅費用(利益-),38,0.071863535,38,0.183663606, -   ,0,,,,,,,,,,,,,,,,,,,,
        所得稅費用(利益-),38,0.071863535,38,0.183663606, -   ,0,,,,,,,,,,,,,,,,,,,,
本期純益(純損-),"-63,568",-120.2163471,182,0.879652006,"-63,750",-198.0551758,,,,,,,,,,,,,,,,,,,,
,,,,,,,,,,,,,,,,,,,,,,,,,,
,,,,,,,,,,,,,,,,,,,,,,,,,,
臺中市附屬單位預算,,,,,,,,,,,,,,,,,,,,,,,,,,
營 業 基 金 盈 虧 撥 補 綜 計 表,,,,,,,,,,,,,,,,,,,,,,,,,,
                                                                                                                  (依撥補項目分列),,,,,,,,,,,,,,,,,,,,,,,,,,
                                     中華民國105年度,,,,,  單位：新臺幣千元,,,,,,,,,,,,,,,,,,,,,
項         目, 本年度預算數 ,, 上年度預算數 ,, 比較增減(-) ,,,,,,,,,,,,,,,,,,,,,
, 金  額 , % , 金  額 , % , 金  額 , % ,,,,,,,,,,,,,,,,,,,,
盈餘之部,"17,989",100,"213,323",100,"-195,334",-91.57,,,,,,,,,,,,,,,,,,,,
  本期純益,182,1.01,"159,258",74.66,"-159,076",-99.89,,,,,,,,,,,,,,,,,,,,
  累積盈餘,"17,807",98.99,"54,065",25.34,"-36,258",-67.06,,,,,,,,,,,,,,,,,,,,
分配之部,"17,989",100,"213,323",100,"-195,334",-91.57,,,,,,,,,,,,,,,,,,,,
  留存事業機關者,"17,989",100,"213,323",100,"-195,334",-91.57,,,,,,,,,,,,,,,,,,,,
    法定公積,18,0.1,"15,926",7.47,"-15,908",-99.89,,,,,,,,,,,,,,,,,,,,
    未分配盈餘,"17,971",99.9,"197,397",92.53,"-179,426",-90.9,,,,,,,,,,,,,,,,,,,,
虧損之部,"164,389",100, -   , -   ,"164,389", -   ,,,,,,,,,,,,,,,,,,,,
  本期純損,"63,750",38.78, -   , -   ,"63,750", -   ,,,,,,,,,,,,,,,,,,,,
  累計虧損,"100,639",61.22, -   , -   ,"100,639", -   ,,,,,,,,,,,,,,,,,,,,
填補之部,"164,389",100, -   , -   ,"164,389", -   ,,,,,,,,,,,,,,,,,,,,
  事業機關負擔者,"164,389",100, -   , -   ,"164,389.00", -   ,,,,,,,,,,,,,,,,,,,,
    待填補之虧損,"164,389",100, -   , -   ,"164,389.00", -   ,,,,,,,,,,,,,,,,,,,,
,,,,,,,,,,,,,,,,,,,,,,,,,,
臺中市附屬單位預算,,,,,,,,,,,,,,,,,,,,,,,,,,
營 業 基 金 盈 虧 撥 補 綜 計 表,,,,,,,,,,,,,,,,,,,,,,,,,,
                                                                                                                  (依基金別分列),,,,,,,,,,,,,,,,,,,,,,,,,,
                                     中華民國105年度,,,,,  單位：新臺幣千元,,,,,,,,,,,,,,,,,,,,,
,,,,,,,,,,,,,,,,,,,,,,,,,,
項         目,合   計,,豐原農產品                              股份有限公司,,臺中快捷巴士股份有限公司,,,,,,,,,,,,,,,,,,,,,
,金  額,%,金  額,%,金  額,%,,,,,,,,,,,,,,,,,,,,
盈餘之部,"17,989",100,"17,989",100, -   , -   ,,,,,,,,,,,,,,,,,,,,
  本期純益,182,1.01,182,1.01, -   , -   ,,,,,,,,,,,,,,,,,,,,
  累積盈餘,"17,807",98.99,"17,807",98.99, -   , -   ,,,,,,,,,,,,,,,,,,,,
分配之部,"17,989",100,"17,989",100, -   , -   ,,,,,,,,,,,,,,,,,,,,
  留存事業機關者,"17,989",100,"17,989",100, -   , -   ,,,,,,,,,,,,,,,,,,,,
    法定公積,18,0.1,18,0.1, -   , -   ,,,,,,,,,,,,,,,,,,,,
    未分配盈餘,"17,971",99.9,"17,971",99.9, -   , -   ,,,,,,,,,,,,,,,,,,,,
虧損之部,"164,389",100, -   , -   ,"164,389",100,,,,,,,,,,,,,,,,,,,,
  本期純損,"63,750",38.78, -   , -   ,"63,750",38.78,,,,,,,,,,,,,,,,,,,,
  累計虧損,"100,639",61.22, -   , -   ,"100,639",61.22,,,,,,,,,,,,,,,,,,,,
填補之部,"164,389",100, -   , -   ,"164,389",100,,,,,,,,,,,,,,,,,,,,
  事業機關負擔者,"164,389",100, -   , -   ,"164,389",100,,,,,,,,,,,,,,,,,,,,
    待填補之虧損,"164,389",100, -   , -   ,"164,389",100,,,,,,,,,,,,,,,,,,,,
,,,,,,,,,,,,,,,,,,,,,,,,,,
,,,,,,,,,,,,,,,,,,,,,,,,,,
臺中市附屬單位預算,,,,,,,,,,,,,,,,,,,,,,,,,,
營 業 基 金 現 金 流 量 綜 計 表,,,,,,,,,,,,,,,,,,,,,,,,,,
                                                                                                                (依現金流量項目分列),,,,,,,,,,,,,,,,,,,,,,,,,,
                                                  中華民國105年度,,單位：新臺幣千元,,,,,,,,,,,,,,,,,,,,,,,,
項                                目,本      年      度      預      算      數,,,,,,,,,,,,,,,,,,,,,,,,,
,,,,,,,,,,,,,,,,,,,,,,,,,,
營業活動之現金流量,,,,,,,,,,,,,,,,,,,,,,,,,,
  本期純益(純損-),,"-63,568",,,,,,,,,,,,,,,,,,,,,,,,
  調整非現金項目,,"5,044",,,,,,,,,,,,,,,,,,,,,,,,
    折舊、折耗及減損,,"3,513",,,,,,,,,,,,,,,,,,,,,,,,
    攤銷,,883,,,,,,,,,,,,,,,,,,,,,,,,
    其他,,-30,,,,,,,,,,,,,,,,,,,,,,,,
    流動資產淨減(淨增-),,"-1,004",,,,,,,,,,,,,,,,,,,,,,,,
    流動負債淨增(淨減-),,"1,682",,,,,,,,,,,,,,,,,,,,,,,,
     營業活動之淨現金流入(流出-),,"-58,524",,,,,,,,,,,,,,,,,,,,,,,,
投資活動之現金流量,,,,,,,,,,,,,,,,,,,,,,,,,,
  無形資產及其他資產淨減(淨增-),,-28,,,,,,,,,,,,,,,,,,,,,,,,
  增加固定資產及遞耗資產,,-350,,,,,,,,,,,,,,,,,,,,,,,,
     投資活動之淨現金流入(流出-),,-378,,,,,,,,,,,,,,,,,,,,,,,,
融資活動之現金流量,,,,,,,,,,,,,,,,,,,,,,,,,,
  增加資本、公積及填補虧損,,"10,000",,,,,,,,,,,,,,,,,,,,,,,,
      融資活動之淨現金流入(流出-),,"10,000",,,,,,,,,,,,,,,,,,,,,,,,
現金及約當現金之淨增(淨減-),,"-48,902",,,,,,,,,,,,,,,,,,,,,,,,
期初現金及約當現金,,"114,790",,,,,,,,,,,,,,,,,,,,,,,,
期末現金及約當現金,,"65,888",,,,,,,,,,,,,,,,,,,,,,,,
,,,,,,,,,,,,,,,,,,,,,,,,,,
臺中市附屬單位預算,,,,,,,,,,,,,,,,,,,,,,,,,,
營 業 基 金 現 金 流 量 綜 計 表,,,,,,,,,,,,,,,,,,,,,,,,,,
                                                                                                                (依基金別分列),,,,,,,,,,,,,,,,,,,,,,,,,,
                                                           中華民國105年度,,單位：新臺幣千元,,,,,,,,,,,,,,,,,,,,,,,,
,,,,,,,,,,,,,,,,,,,,,,,,,,
項                                目,合       計,豐原農產品                      股份有限公司,臺中快捷巴士                                股份有限公司,,,,,,,,,,,,,,,,,,,,,,,
,金  額,金  額,金  額,,,,,,,,,,,,,,,,,,,,,,,
營業活動之現金流量,,,,,,,,,,,,,,,,,,,,,,,,,,
  本期純益(純損-),"-63,568",182,"-63,750",,,,,,,,,,,,,,,,,,,,,,,
  調整非現金項目,"5,044","3,038","2,006",,,,,,,,,,,,,,,,,,,,,,,
    折舊、折耗及減損,"3,513","1,196","2,317",,,,,,,,,,,,,,,,,,,,,,,
    攤銷,883,100,783,,,,,,,,,,,,,,,,,,,,,,,
    其他,-30,-30, -   ,,,,,,,,,,,,,,,,,,,,,,,
    流動資產淨減(淨增-),"-1,004",512,"-1,516",,,,,,,,,,,,,,,,,,,,,,,
    流動負債淨增(淨減-),"1,682","1,260",422,,,,,,,,,,,,,,,,,,,,,,,
     營業活動之淨現金流入(流出-),"-58,524","3,220","-61,744",,,,,,,,,,,,,,,,,,,,,,,
投資活動之現金流量,,,,,,,,,,,,,,,,,,,,,,,,,,
  無形資產及其他資產淨減(淨增-),-28, -   ,-28,,,,,,,,,,,,,,,,,,,,,,,
  增加固定資產及遞耗資產,-350, -   ,-350,,,,,,,,,,,,,,,,,,,,,,,
     投資活動之淨現金流入(流出-),-378, -   ,-378,,,,,,,,,,,,,,,,,,,,,,,
融資活動之現金流量,,,,,,,,,,,,,,,,,,,,,,,,,,
  增加資本、公積及填補虧損,"10,000", -   ,"10,000",,,,,,,,,,,,,,,,,,,,,,,
      融資活動之淨現金流入(流出-),"10,000", -   ,"10,000",,,,,,,,,,,,,,,,,,,,,,,
現金及約當現金之淨增(淨減-),"-48,902","3,220","-52,122",,,,,,,,,,,,,,,,,,,,,,,
期初現金及約當現金,"114,790","21,726","93,064",,,,,,,,,,,,,,,,,,,,,,,
期末現金及約當現金,"65,888","24,946","40,942",,,,,,,,,,,,,,,,,,,,,,,
,,,,,,,,,,,,,,,,,,,,,,,,,,
,,,,,,,,,,臺中市附屬,單位預算,,,,,,,,,,,,,,,
,,,,,,,,,營業基金固定資產建設,,改良擴充資金來源綜計表,,,,,,,,,,,,,,,
,,,,,,,,,中華民國,,105年度,,,,,,,,,單位:新臺幣千元,,,,,,
,,,,,,,,,,,,,,,,,,,,,,,,,,
基金及計畫名稱,自  有  資  金,,,,,,,,,,外 借 資 金,,,,,,,,,,合  計,,,,,
,營運資金,,出售                  不適用資產,,增資,,其他,,小  計,,國內借款,,,,,,國外借款,,小  計,,,,,,,
,,,,,,,,,,,銀行借款,,公司債,,其他,,,,,,,,,,,
,金額, % ,金額, % ,金額, % ,金額, % ,金額, % ,金額, % ,金額, % ,金額, % ,金額, % ,金額, % ,金額, % ,,,,
臺中快捷巴士股份有限公司,350,100, - , - , - , - , - , - ,350,100, - , - , - , - , - , - , - , - , - , - ,350,100,,,,
      一般建築及設備計畫,350,100, - , - , - , - , - , - ,350,100, - , - , - , - , - , - , - , - , - , - ,350,100,,,,
          一次性項目,350,100, - , - , - , - , - , - ,350,100, - , - , - , - , - , - , - , - , - , - ,350,100,,,,
,,,,,,,,,,,,,,,,,,,,,,,,,,
,,,,,,,,,,,,,,,,,,,,,,,,,,
,,,,,,,,,,,,,,,,,,,,,,,,,,
,,,,,,,,,,,,,,,,,,,,,,,,,,
合  計,350,100, -   ,0, - , - , - , - ,350,100, -   ,0, - , - , - , - , - , - , - , - ,350,100,,,,
,,,,,,,,,,,,,,,,,,,,,,,,,,
,,,,,,,,,,,,,,,,,,,,,,,,,,
,,,,,,,,,,,,,,,,,,,,,,,,,,
臺中市附屬,,,,,,,,單位預算,,,,,,,,,,,,,,,,,,
營業基金資本,,,,,,,,增減綜計表,,,,,,,,,,,,,,,,,,
,,,,,,中華民國,,105年度,,,,,,,,,單位:新臺幣千元,,,,,,,,,
基  金  名  稱,期 初 資 本 額,,,本     年     度,,,,增       減       數,,,,,,,,期 末 資 本 額,,,,,,,,,,
,實收資本,預收資本,合 計,中央政府資本,,市政府資本,,轉投資事業       機關資本,,其他政府          機關資本,,民間股東資本,,合 計,,實收資本,預收資本,合計,,,,,,,,
,,,,現金, 轉帳 ,現金, 轉帳 ,現金, 轉帳 ,現金, 轉帳 ,現金, 轉帳 ,現金, 轉帳 ,,,,,,,,,,,
豐原農產品股份有限公司,"1,000", - ,"1,000", - , - , - , - , - , - , - , - , - , - , - , - ,"1,000", - ,"1,000",,,,,,,,
臺中快捷巴士股份有限公司,"200,000", - ,"200,000", - , - ,"10,000", - , - , - , - , - , - , - ,"10,000", - ,"210,000", - ,"210,000",,,,,,,,
,,,,,,,,,,,,,,,,,,,,,,,,,,
,,,,,,,,,,,,,,,,,,,,,,,,,,
,,,,,,,,,,,,,,,,,,,,,,,,,,
,,,,,,,,,,,,,,,,,,,,,,,,,,
,,,,,,,,,,,,,,,,,,,,,,,,,,
合        計,"201,000", - ,"201,000", - , - ,"10,000", - , - , - , - , - , - , - ,"10,000", - ,"211,000", - ,"211,000",,,,,,,,
,,,,,,,,,,,,,,,,,,,,,,,,,,
,,,,,,,,,,,,,,,,,,,,,,,,,,
,,,,,,,,,,,,,,,,,,,,,,,,,,
作業基金：,,,,,,,,,,,,,,,,,,,,,,,,,,
臺中市附屬單位預算,,,,,,,,,,,,,,,,,,,,,,,,,,
,,,,,,,,,,,,,,,,,,,,,,,,,,
作業基金收支餘絀綜計表,,,,,,,,,,,,,,,,,,,,,,,,,,
,,,,,,,,,,,,,,,,,,,,,,,,,,
(依收支科目分列),,,,,,,,,,,,,,,,,,,,,,,,,,
,,,,,,,,,,,,,,,,,,,,,,,,,,
,,,,,,,,,,,,,,,,,,,,,,,,,,
中華民國 105年度,,,,,,,,,,,,,,,,,,,,,,,,,,
單位：新臺幣千元,,,,,,,,,,,,,,,,,,,,,,,,,,
,,,,,,,,,,,,,,,,,,,,,,,,,,
,,本年度預算數,,,上年度預算數,,,,比較增減(-),,,,,,,,,,,,,,,,,
科            目,,,,,,,,,,,,,,,,,,,,,,,,,,
,,,,,,,,,,,,,,,,,,,,,,,,,,
,,金      額,％,,金      額,％,,,,,,,,,,,,,,,,,,,,
,,,,,,,,,金      額,％,,,,,,,,,,,,,,,,
,,,,,,,,,,,,,,,,,,,,,,,,,,
    業務收入,,"4,088,964",100,,"2,097,295",100,,,"1,991,669",94.96,,,,,,,,,,,,,,,,
        勞務收入,,"3,591,895",87.84,,"1,704,040",81.25,,,"1,887,855",110.79,,,,,,,,,,,,,,,,
        租金及權利金收入,,"344,728",8.43,,"203,447",9.7,,,"141,281",69.44,,,,,,,,,,,,,,,,
        醫療收入,,"124,129",3.04,,"121,926",5.81,,,"2,203",1.81,,,,,,,,,,,,,,,,
        其他業務收入,,"28,212",0.69,,"67,882",3.24,,,"-39,670",-58.44,,,,,,,,,,,,,,,,
    業務成本與費用,,"3,098,723",75.78,,"2,957,962",141.04,,,"140,761",4.76,,,,,,,,,,,,,,,,
        勞務成本,,"1,167,547",28.55,,"994,891",47.44,,,"172,656",17.35,,,,,,,,,,,,,,,,
        醫療成本,,"26,221",0.64,,"25,462",1.21,,,759,2.98,,,,,,,,,,,,,,,,
        其他業務成本,,"898,165",21.97,,"838,135",39.96,,,"60,030",7.16,,,,,,,,,,,,,,,,
        行銷及業務費用,,"92,365",2.26,,"91,050",4.34,,,"1,315",1.44,,,,,,,,,,,,,,,,
        管理及總務費用,,"811,758",19.85,,"890,206",42.45,,,"-78,448",-8.81,,,,,,,,,,,,,,,,
        其他業務費用,,"102,667",2.51,,"118,218",5.64,,,"-15,551",-13.15,,,,,,,,,,,,,,,,
    業務賸餘(短絀-),,"990,241",24.22,,"-860,667",-41.04,,,"1,850,908",-215.06,,,,,,,,,,,,,,,,
    業務外收入,,"183,463",4.49,,"145,059",6.92,,,"38,404",26.47,,,,,,,,,,,,,,,,
        財務收入,,"135,209",3.31,,"97,684",4.66,,,"37,525",38.41,,,,,,,,,,,,,,,,
        其他業務外收入,,"48,254",1.18,,"47,375",2.26,,,879,1.86,,,,,,,,,,,,,,,,
    業務外費用,,"32,604",0.8,,"81,713",3.9,,,"-49,109",-60.1,,,,,,,,,,,,,,,,
        其他業務外費用,,"32,604",0.8,,"81,713",3.9,,,"-49,109",-60.1,,,,,,,,,,,,,,,,
    業務外賸餘(短絀-),,"150,859",3.69,,"63,346",3.02,,,"87,513",138.15,,,,,,,,,,,,,,,,
    本期賸餘(短絀-),,"1,141,100",27.91,,"-797,321",-38.02,,,"1,938,421",-243.12,,,,,,,,,,,,,,,,
,,,,,,,,,,,,,,,,,,,,,,,,,,
,,,,,,,,,,,,,,,,,,,,,,,,,,
,,,,,,,,,,,,,,,,,,,,,,,,,,
,,,,,,,,,,,,,,,,,,,,,,,,,,
,,,,,,,,,,,,,,,,,,,,,,,,,,
臺中市附屬單位預算,,,,,,,,,,,,,,,,,,,,,,,,,,
,,,,,,,,,,,,,,,,,,,,,,,,,,
作業基金收支餘絀綜計表,,,,,,,,,,,,,,,,,,,,,,,,,,
,,,,,,,,,,,,,,,,,,,,,,,,,,
(依基金別分列),,,,,,,,,,,,,,,,,,,,,,,,,,
,,,,,,,,,,,,,,,,,,,,,,,,,,
,,,,,,,,,,,,,,,,,,,,,,,,,,
中華民國 105年度,,,,,,,,,,,,,,,,,,,,,,,,,,
單位：新臺幣千元,,,,,,,,,,,,,,,,,,,,,,,,,,
,,,,,,,,,,,,,,,,,,,,,,,,,,
,,合    計,,臺中市政府公教人員住宅及福利委員會,,,,臺中市公有停車場基金,,,,臺中市管線工程統一挖補作業基金,,,,,,,,,,,,,,
,,,,,,,,,,,,,,,,,,,,,,,,,,
科      目,,,,,,,,,,,,,,,,,,,,,,,,,,
,,金      額,％,,金      額,％,,金      額,％,,,金      額,％,,,,,,,,,,,,,
,,,,,,,,,,,,,,,,,,,,,,,,,,
業務收入,,"4,088,964",100,,-,-,,"1,040,000",100,,,"831,200",100,,,,,,,,,,,,,
,,,100,,,,,,,,,,,,,,,,,,,,,,,
勞務收入,,"3,591,895",87.84,,-,-,,"795,000",76.44,,,"812,000",97.69,,,,,,,,,,,,,
,,,87.84,,,,,,,,,,,,,,,,,,,,,,,
租金及權利金收入,,"344,728",8.43,,-,-,,"245,000",23.56,,,-,-,,,,,,,,,,,,,
醫療收入,,"124,129",3.04,,-,-,,-,-,,,-,-,,,,,,,,,,,,,
其他業務收入,,"28,212",0.69,,-,-,,-,-,,,"19,200",2.31,,,,,,,,,,,,,
,,,,,,,,,,,,,,,,,,,,,,,,,,
業務成本與費用,,"3,098,723",75.78,,"1,100",-,,"652,939",62.78,,,"832,814",100.19,,,,,,,,,,,,,
勞務成本,,"1,167,547",28.55,,-,-,,"60,442",5.81,,,"791,168",95.18,,,,,,,,,,,,,
,,,,,,,,,,,,,,,,,,,,,,,,,,
醫療成本,,"26,221",0.64,,-,-,,-,-,,,-,-,,,,,,,,,,,,,
其他業務成本,,"898,165",21.97,,-,-,,"1,000",0.1,,,-,-,,,,,,,,,,,,,
行銷及業務費用,,"92,365",2.26,,-,-,,-,-,,,-,-,,,,,,,,,,,,,
管理及總務費用,,"811,758",19.85,,"1,100",-,,"591,497",56.87,,,"41,646",5.01,,,,,,,,,,,,,
其他業務費用,,"102,667",2.51,,-,-,,-,-,,,-,-,,,,,,,,,,,,,
,,,,,,,,,,,,,,,,,,,,,,,,,,
業務賸餘(短絀-),,"990,241",24.22,,"-1,100",-,,"387,061",37.22,,,"-1,614",-0.19,,,,,,,,,,,,,
業務外收入,,"183,463",4.49,,320,-,,"30,600",2.94,,,"1,614",0.19,,,,,,,,,,,,,
財務收入,,"135,209",3.31,,320,-,,"1,000",0.1,,,"1,614",0.19,,,,,,,,,,,,,
,,,,,,,,,,,,,,,,,,,,,,,,,,
其他業務外收入,,"48,254",1.18,,-,-,,"29,600",2.84,,,-,-,,,,,,,,,,,,,
,,,,,,,,,,,,,,,,,,,,,,,,,,
業務外費用,,"32,604",0.8,,-,-,,"25,602",2.46,,,-,-,,,,,,,,,,,,,
其他業務外費用,,"32,604",0.8,,-,-,,"25,602",2.46,,,-,-,,,,,,,,,,,,,
,,,,,,,,,,,,,,,,,,,,,,,,,,
,,,,,,,,,,,,,,,,,,,,,,,,,,
業務外賸餘(短絀-),,"150,859",3.69,,320,-,,"4,998",0.48,,,"1,614",0.19,,,,,,,,,,,,,
本期賸餘(短絀-),,"1,141,100",27.91,,-780,-,,"392,059",37.7,,,-,-,,,,,,,,,,,,,
,,,,,,,,,,,,,,,,,,,,,,,,,,
,,,,,,,,,,,,,,,,,,,,,,,,,,
,,,,,,,,,,,,,,,,,,,,,,,,,,
,,,,,,,,,,,,,,,,,,,,,,,,,,
臺中市附屬單位預算,,,,,,,,,,,,,,,,,,,,,,,,,,
,,,,,,,,,,,,,,,,,,,,,,,,,,
作業基金收支餘絀綜計表,,,,,,,,,,,,,,,,,,,,,,,,,,
,,,,,,,,,,,,,,,,,,,,,,,,,,
(依基金別分列),,,,,,,,,,,,,,,,,,,,,,,,,,
,,,,,,,,,,,,,,,,,,,,,,,,,,
,,,,,,,,,,,,,,,,,,,,,,,,,,
中華民國 105年度,,,,,,,,,,,,,,,,,,,,,,,,,,
單位：新臺幣千元,,,,,,,,,,,,,,,,,,,,,,,,,,
,,,,,,,,,,,,,,,,,,,,,,,,,,
,,臺中市都市更新及都市發展建設基金,,,,臺中市醫療作業基金,,,臺中市市地重劃基金,,,,臺中市實施平均地權基金,,,,,,,,,,,,,
,,,,,,,,,,,,,,,,,,,,,,,,,,
科      目,,,,,,,,,,,,,,,,,,,,,,,,,,
,,金      額,％,,,金      額,％,,金      額,％,,,金      額,％,,,,,,,,,,,,
,,,,,,,,,,,,,,,,,,,,,,,,,,
業務收入,,"350,040",100,,,"129,641",100,,-,-,,,"1,637,629",100,,,,,,,,,,,,
,,,,,,,,,,,,,,,,,,,,,,,,,,
勞務收入,,"350,040",100,,,-,-,,-,-,,,"1,612,391",98.46,,,,,,,,,,,,
,,,,,,,,,,,,,,,,,,,,,,,,,,
租金及權利金收入,,-,-,,,-,-,,-,-,,,"22,238",1.36,,,,,,,,,,,,
醫療收入,,-,-,,,"124,129",95.75,,-,-,,,-,-,,,,,,,,,,,,
其他業務收入,,-,-,,,"5,512",4.25,,-,-,,,"3,000",0.18,,,,,,,,,,,,
,,,,,,,,,,,,,,,,,,,,,,,,,,
業務成本與費用,,"279,012",79.71,,,"126,942",97.92,,"102,334",-,,,"981,614",59.94,,,,,,,,,,,,
勞務成本,,"233,239",66.63,,,-,-,,-,-,,,-,-,,,,,,,,,,,,
,,,,,,,,,,,,,,,,,,,,,,,,,,
醫療成本,,-,-,,,"26,221",20.23,,-,-,,,-,-,,,,,,,,,,,,
其他業務成本,,"2,300",0.66,,,-,-,,-,-,,,"887,165",54.17,,,,,,,,,,,,
行銷及業務費用,,-,-,,,"92,365",71.25,,-,-,,,-,-,,,,,,,,,,,,
管理及總務費用,,"43,473",12.42,,,"3,775",2.91,,"5,163",-,,,"93,534",5.71,,,,,,,,,,,,
其他業務費用,,-,-,,,"4,581",3.53,,"97,171",-,,,915,0.06,,,,,,,,,,,,
,,,,,,,,,,,,,,,,,,,,,,,,,,
業務賸餘(短絀-),,"71,028",20.29,,,"2,699",2.08,,"-102,334",-,,,"656,015",40.06,,,,,,,,,,,,
業務外收入,,"4,700",1.34,,,"19,819",15.29,,"22,026",-,,,"103,362",6.31,,,,,,,,,,,,
財務收入,,"4,700",1.34,,,"1,165",0.9,,"22,026",-,,,"103,362",6.31,,,,,,,,,,,,
,,,,,,,,,,,,,,,,,,,,,,,,,,
其他業務外收入,,-,-,,,"18,654",14.39,,-,-,,,-,-,,,,,,,,,,,,
,,,,,,,,,,,,,,,,,,,,,,,,,,
業務外費用,,-,-,,,"6,902",5.32,,-,-,,,100,0.01,,,,,,,,,,,,
其他業務外費用,,-,-,,,"6,902",5.32,,-,-,,,100,0.01,,,,,,,,,,,,
,,,,,,,,,,,,,,,,,,,,,,,,,,
,,,,,,,,,,,,,,,,,,,,,,,,,,
業務外賸餘(短絀-),,"4,700",1.34,,,"12,917",9.97,,"22,026",-,,,"103,262",6.3,,,,,,,,,,,,
本期賸餘(短絀-),,"75,728",21.63,,,"15,616",12.05,,"-80,308",-,,,"759,277",46.36,,,,,,,,,,,,
,,,,,,,,,,,,,,,,,,,,,,,,,,
,,,,,,,,,,,,,,,,,,,,,,,,,,
,,,,,,,,,,,,,,,,,,,,,,,,,,
,,,,,,,,,,,,,,,,,,,,,,,,,,
臺中市附屬單位預算,,,,,,,,,,,,,,,,,,,,,,,,,,
,,,,,,,,,,,,,,,,,,,,,,,,,,
作業基金收支餘絀綜計表,,,,,,,,,,,,,,,,,,,,,,,,,,
,,,,,,,,,,,,,,,,,,,,,,,,,,
(依基金別分列),,,,,,,,,,,,,,,,,,,,,,,,,,
,,,,,,,,,,,,,,,,,,,,,,,,,,
,,,,,,,,,,,,,,,,,,,,,,,,,,
中華民國 105年度,,,,,,,,,,,,,,,,,,,,,,,,,,
單位：新臺幣千元,,,,,,,,,,,,,,,,,,,,,,,,,,
,,,,,,,,,,,,,,,,,,,,,,,,,,
,,臺中市區段徵收作業基金,,,臺中市工業區開發管理基金,,,,,,,,,,,,,,,,,,,,,
,,,,,,,,,,,,,,,,,,,,,,,,,,
科      目,,,,,,,,,,,,,,,,,,,,,,,,,,
,,金      額,％,,金      額,％,,金      額,,％,,,,,,,,,,,,,,,,
,,,,,,,,,,,,,,,,,,,,,,,,,,
業務收入,,-,-,,"100,454",100,,,,,,,,,,,,,,,,,,,,
,,,,,,,,,,,,,,,,,,,,,,,,,,
勞務收入,,-,-,,"22,464",22.36,,,,,,,,,,,,,,,,,,,,
,,,,,,,,,,,,,,,,,,,,,,,,,,
租金及權利金收入,,-,-,,"77,490",77.14,,,,,,,,,,,,,,,,,,,,
醫療收入,,-,-,,-,-,,,,,,,,,,,,,,,,,,,,
其他業務收入,,-,-,,500,0.5,,,,,,,,,,,,,,,,,,,,
,,,,,,,,,,,,,,,,,,,,,,,,,,
業務成本與費用,,-,-,,"121,968",121.42,,,,,,,,,,,,,,,,,,,,
勞務成本,,-,-,,"82,698",82.32,,,,,,,,,,,,,,,,,,,,
,,,,,,,,,,,,,,,,,,,,,,,,,,
醫療成本,,-,-,,-,-,,,,,,,,,,,,,,,,,,,,
其他業務成本,,-,-,,"7,700",7.67,,,,,,,,,,,,,,,,,,,,
行銷及業務費用,,-,-,,-,-,,,,,,,,,,,,,,,,,,,,
管理及總務費用,,-,-,,"31,570",31.43,,,,,,,,,,,,,,,,,,,,
其他業務費用,,-,-,,-,-,,,,,,,,,,,,,,,,,,,,
,,,,,,,,,,,,,,,,,,,,,,,,,,
業務賸餘(短絀-),,-,-,,"-21,514",-21.42,,,,,,,,,,,,,,,,,,,,
業務外收入,,"1,022",-,,-,-,,,,,,,,,,,,,,,,,,,,
財務收入,,"1,022",-,,-,-,,,,,,,,,,,,,,,,,,,,
,,,,,,,,,,,,,,,,,,,,,,,,,,
其他業務外收入,,-,-,,-,-,,,,,,,,,,,,,,,,,,,,
,,,,,,,,,,,,,,,,,,,,,,,,,,
業務外費用,,-,-,,-,-,,,,,,,,,,,,,,,,,,,,
其他業務外費用,,-,-,,-,-,,,,,,,,,,,,,,,,,,,,
,,,,,,,,,,,,,,,,,,,,,,,,,,
,,,,,,,,,,,,,,,,,,,,,,,,,,
業務外賸餘(短絀-),,"1,022",-,,-,-,,,,,,,,,,,,,,,,,,,,
本期賸餘(短絀-),,"1,022",-,,"-21,514",-21.42,,,,,,,,,,,,,,,,,,,,
,,,,,,,,,,,,,,,,,,,,,,,,,,
,,,,,,,,,,,,,,,,,,,,,,,,,,
,,,,,,,,,,,,,,,,,,,,,,,,,,
,,,,,,,,,,,,,,,,,,,,,,,,,,
,,,,,,,,,,,,,,,,,,,,,,,,,,
臺中市附屬單位預算,,,,,,,,,,,,,,,,,,,,,,,,,,
,,,,,,,,,,,,,,,,,,,,,,,,,,
作業基金餘絀撥補綜計表,,,,,,,,,,,,,,,,,,,,,,,,,,
,,,,,,,,,,,,,,,,,,,,,,,,,,
(依撥補項目分列),,,,,,,,,,,,,,,,,,,,,,,,,,
,,,,,,,,,,,,,,,,,,,,,,,,,,
中華民國 105年度,,,,,,,,,,,,,,,,,,,,,,,,,,
單位：新臺幣千元,,,,,,,,,,,,,,,,,,,,,,,,,,
,,,,,,,,,,,,,,,,,,,,,,,,,,
,,,,,,,,,,,,,,,,,,,,,,,,,,
,,本年度預算數,,,,上年度預算數,,,,比較增(+)減(-),,,,,,,,,,,,,,,,
項            目,,,,,,,,,,,,,,,,,,,,,,,,,,
,,,,,,,,,,,,,,,,,,,,,,,,,,
,,金      額,％,,,金      額,％,,,金      額,％,,,,,,,,,,,,,,,
,,,,,,,,,,,,,,,,,,,,,,,,,,
賸餘之部,,"19,252,971",100,,,"18,064,478",100,,,"1,188,493",6.58,,,,,,,,,,,,,,,
本期賸餘,,"1,244,807",6.47,,,"316,706",1.75,,,"928,101",293.05,,,,,,,,,,,,,,,
,,,,,,,,,,,,,,,,,,,,,,,,,,
前期未分配賸餘,,"18,008,164",93.53,,,"17,747,772",98.25,,,"260,392",1.47,,,,,,,,,,,,,,,
,,,,,,,,,,,,,,,,,,,,,,,,,,
分配之部,,"5,480,081",28.46,,,"1,120,248",6.2,,,"4,359,833",389.18,,,,,,,,,,,,,,,
填補累積短絀,,"104,132",0.54,,,"1,114,027",6.17,,,"-1,009,895",-90.65,,,,,,,,,,,,,,,
,,,,,,,,,,,,,,,,,,,,,,,,,,
解繳公庫淨額,,"5,375,949",27.92,,,"6,221",0.03,,,"5,369,728",86316.15,,,,,,,,,,,,,,,
,,,,,,,,,,,,,,,,,,,,,,,,,,
未分配賸餘,,"13,772,890",71.54,,,"16,944,230",93.8,,,"-3,171,340",-18.72,,,,,,,,,,,,,,,
短絀之部,,"120,430",100,,,"1,133,853",100,,,"-1,013,423",-89.38,,,,,,,,,,,,,,,
本期短絀,,"103,707",86.11,,,"1,114,027",98.25,,,"-1,010,320",-90.69,,,,,,,,,,,,,,,
,,,,,,,,,,,,,,,,,,,,,,,,,,
前期待填補之短絀,,"16,723",13.89,,,"19,826",1.75,,,"-3,103",-15.65,,,,,,,,,,,,,,,
,,,,,,,,,,,,,,,,,,,,,,,,,,
填補之部,,"104,132",86.47,,,"1,114,027",98.25,,,"-1,009,895",-90.65,,,,,,,,,,,,,,,
撥用賸餘,,"104,132",86.47,,,"1,114,027",98.25,,,"-1,009,895",-90.65,,,,,,,,,,,,,,,
,,,,,,,,,,,,,,,,,,,,,,,,,,
待填補之短絀,,"16,298",13.53,,,"19,826",1.75,,,"-3,528",-17.79,,,,,,,,,,,,,,,
,,,,,,,,,,,,,,,,,,,,,,,,,,
,,,,,,,,,,,,,,,,,,,,,,,,,,
,,,,,,,,,,,,,,,,,,,,,,,,,,
,,,,,,,,,,,,,,,,,,,,,,,,,,
,,,,,,,,,,,,,,,,,,,,,,,,,,
臺中市附屬單位預算,,,,,,,,,,,,,,,,,,,,,,,,,,
,,,,,,,,,,,,,,,,,,,,,,,,,,
作業基金餘絀撥補綜計表,,,,,,,,,,,,,,,,,,,,,,,,,,
,,,,,,,,,,,,,,,,,,,,,,,,,,
(依基金別分列),,,,,,,,,,,,,,,,,,,,,,,,,,
,,,,,,,,,,,,,,,,,,,,,,,,,,
中華民國 105年度,,,,,,,,,,,,,,,,,,,,,,,,,,
單位：新臺幣千元,,,,,,,,,,,,,,,,,,,,,,,,,,
,,,,,,,,,,,,,,,,,,,,,,,,,,
,,合    計,,,臺中市政府公教人員住宅及福利委員會,,臺中市公有停車場基金,,,臺中市管線工程統一挖補作業基金,,,,,,,,,,,,,,,,
,,,,,,,,,,,,,,,,,,,,,,,,,,
項        目,,,,,,,,,,,,,,,,,,,,,,,,,,
,,,,,,,,,,,,,,,,,,,,,,,,,,
,,,,,,,,,,,,,,,,,,,,,,,,,,
,,金      額,％,,金      額,％,,金      額,％,,金      額,％,,,,,,,,,,,,,,
,,,,,,,,,,,,,,,,,,,,,,,,,,
賸餘之部,,"19,252,971",100,,"16,759",100,,"1,631,563",100,,"72,474",100,,,,,,,,,,,,,,
本期賸餘,,"1,244,807",6.47,,-,-,,"392,059",24.03,,-,-,,,,,,,,,,,,,,
,,,,,,,,,,,,,,,,,,,,,,,,,,
前期未分配賸餘,,"18,008,164",93.53,,"16,759",100,,"1,239,504",75.97,,"72,474",100,,,,,,,,,,,,,,
,,,,,,,,,,,,,,,,,,,,,,,,,,
分配之部,,"5,480,081",28.46,,780,4.65,,-,-,,-,-,,,,,,,,,,,,,,
填補累積短絀,,"104,132",0.54,,780,4.65,,-,-,,-,-,,,,,,,,,,,,,,
,,,,,,,,,,,,,,,,,,,,,,,,,,
解繳公庫淨額,,"5,375,949",27.92,,-,-,,-,-,,-,-,,,,,,,,,,,,,,
,,,,,,,,,,,,,,,,,,,,,,,,,,
未分配賸餘,,"13,772,890",71.54,,"15,979",95.35,,"1,631,563",100,,"72,474",100,,,,,,,,,,,,,,
短絀之部,,"120,430",100,,780,100,,-,-,,-,-,,,,,,,,,,,,,,
本期短絀,,"103,707",86.11,,780,100,,-,-,,-,-,,,,,,,,,,,,,,
,,,,,,,,,,,,,,,,,,,,,,,,,,
前期待填補之短絀,,"16,723",13.89,,-,-,,-,-,,-,-,,,,,,,,,,,,,,
,,,,,,,,,,,,,,,,,,,,,,,,,,
填補之部,,"104,132",86.47,,780,100,,-,-,,-,-,,,,,,,,,,,,,,
撥用賸餘,,"104,132",86.47,,780,100,,-,-,,-,-,,,,,,,,,,,,,,
,,,,,,,,,,,,,,,,,,,,,,,,,,
待填補之短絀,,"16,298",13.53,-,,-,-,,-,-,,-,,,,,,,,,,,,,,
,,,,,,,,,,,,,,,,,,,,,,,,,,
,,,,,,,,,,,,,,,,,,,,,,,,,,
,,,,,,,,,,,,,,,,,,,,,,,,,,
,,,,,,,,,,,,,,,,,,,,,,,,,,
臺中市附屬單位預算,,,,,,,,,,,,,,,,,,,,,,,,,,
,,,,,,,,,,,,,,,,,,,,,,,,,,
作業基金餘絀撥補綜計表,,,,,,,,,,,,,,,,,,,,,,,,,,
,,,,,,,,,,,,,,,,,,,,,,,,,,
(依基金別分列),,,,,,,,,,,,,,,,,,,,,,,,,,
,,,,,,,,,,,,,,,,,,,,,,,,,,
中華民國 105年度,,,,,,,,,,,,,,,,,,,,,,,,,,
單位：新臺幣千元,,,,,,,,,,,,,,,,,,,,,,,,,,
,,,,,,,,,,,,,,,,,,,,,,,,,,
,,臺中市都市更新及都市發展建設基金,,,臺中市醫療作業基金,,,臺中市市地重劃基金,,,臺中市實施平均地權基金,,,,,,,,,,,,,,,
,,,,,,,,,,,,,,,,,,,,,,,,,,
項        目,,,,,,,,,,,,,,,,,,,,,,,,,,
,,,,,,,,,,,,,,,,,,,,,,,,,,
,,,,,,,,,,,,,,,,,,,,,,,,,,
,,金      額,％,,金      額,％,,金      額,％,,金      額,％,,,,,,,,,,,,,,
,,,,,,,,,,,,,,,,,,,,,,,,,,
賸餘之部,,"3,074,825",100,,"120,662",100,,"3,203,809",100,,"6,771,882",100,,,,,,,,,,,,,,
本期賸餘,,"75,728",2.46,,"15,616",12.94,,"1,105",0.03,,"759,277",11.21,,,,,,,,,,,,,,
,,,,,,,,,,,,,,,,,,,,,,,,,,
前期未分配賸餘,,"2,999,097",97.54,,"105,046",87.06,,"3,202,704",99.97,,"6,012,605",88.79,,,,,,,,,,,,,,
,,,,,,,,,,,,,,,,,,,,,,,,,,
分配之部,,-,-,,"4,270",3.54,,"81,413",2.54,,"5,371,679",79.32,,,,,,,,,,,,,,
填補累積短絀,,-,-,,-,-,,"81,413",2.54,,-,-,,,,,,,,,,,,,,
,,,,,,,,,,,,,,,,,,,,,,,,,,
解繳公庫淨額,,-,-,,"4,270",3.54,,-,-,,"5,371,679",79.32,,,,,,,,,,,,,,
,,,,,,,,,,,,,,,,,,,,,,,,,,
未分配賸餘,,"3,074,825",100,,"116,392",96.46,,"3,122,396",97.46,,"1,400,203",20.68,,,,,,,,,,,,,,
短絀之部,,-,-,,-,-,,"81,413",100,,-,-,,,,,,,,,,,,,,
本期短絀,,-,-,,-,-,,"81,413",100,,-,-,,,,,,,,,,,,,,
,,,,,,,,,,,,,,,,,,,,,,,,,,
前期待填補之短絀,,-,-,,-,-,,-,-,,-,-,,,,,,,,,,,,,,
,,,,,,,,,,,,,,,,,,,,,,,,,,
填補之部,,-,-,,-,-,,"81,413",100,,-,-,,,,,,,,,,,,,,
撥用賸餘,,-,-,,-,-,,"81,413",100,,-,-,,,,,,,,,,,,,,
,,,,,,,,,,,,,,,,,,,,,,,,,,
待填補之短絀,,-,-,,-,-,,-,-,,-,-,,,,,,,,,,,,,,
,,,,,,,,,,,,,,,,,,,,,,,,,,
,,,,,,,,,,,,,,,,,,,,,,,,,,
,,,,,,,,,,,,,,,,,,,,,,,,,,
,,,,,,,,,,,,,,,,,,,,,,,,,,
臺中市附屬單位預算,,,,,,,,,,,,,,,,,,,,,,,,,,
,,,,,,,,,,,,,,,,,,,,,,,,,,
作業基金餘絀撥補綜計表,,,,,,,,,,,,,,,,,,,,,,,,,,
,,,,,,,,,,,,,,,,,,,,,,,,,,
(依基金別分列),,,,,,,,,,,,,,,,,,,,,,,,,,
,,,,,,,,,,,,,,,,,,,,,,,,,,
中華民國 105年度,,,,,,,,,,,,,,,,,,,,,,,,,,
單位：新臺幣千元,,,,,,,,,,,,,,,,,,,,,,,,,,
,,,,,,,,,,,,,,,,,,,,,,,,,,
,,臺中市區段徵收作業基金,,,臺中市工業區開發管理基金,,,,,,,,,,,,,,,,,,,,,
,,,,,,,,,,,,,,,,,,,,,,,,,,
項        目,,,,,,,,,,,,,,,,,,,,,,,,,,
,,,,,,,,,,,,,,,,,,,,,,,,,,
,,,,,,,,,,,,,,,,,,,,,,,,,,
金      額,％,金      額,％,,金      額,％,,金      額,,％,,,,,,,,,,,,,,,,
,,,,,,,,,,,,,,,,,,,,,,,,,,
賸餘之部,,"1,697,195",100,,"2,663,802",100,,,,,,,,,,,,,,,,,,,,
本期賸餘,,"1,022",0.06,,-,-,,,,,,,,,,,,,,,,,,,,
,,,,,,,,,,,,,,,,,,,,,,,,,,
前期未分配賸餘,,"1,696,173",99.94,,"2,663,802",100,,,,,,,,,,,,,,,,,,,,
,,,,,,,,,,,,,,,,,,,,,,,,,,
分配之部,,425,0.03,,"21,514",0.81,,,,,,,,,,,,,,,,,,,,
填補累積短絀,,425,0.03,,"21,514",0.81,,,,,,,,,,,,,,,,,,,,
,,,,,,,,,,,,,,,,,,,,,,,,,,
解繳公庫淨額,,-,-,,-,-,,,,,,,,,,,,,,,,,,,,
,,,,,,,,,,,,,,,,,,,,,,,,,,
未分配賸餘,,"1,696,770",99.97,,"2,642,288",99.19,,,,,,,,,,,,,,,,,,,,
短絀之部,,"16,723",100,,"21,514",100,,,,,,,,,,,,,,,,,,,,
本期短絀,,-,-,,"21,514",100,,,,,,,,,,,,,,,,,,,,
,,,,,,,,,,,,,,,,,,,,,,,,,,
前期待填補之短絀,,"16,723",100,,-,-,,,,,,,,,,,,,,,,,,,,
,,,,,,,,,,,,,,,,,,,,,,,,,,
填補之部,,425,2.54,,"21,514",100,,,,,,,,,,,,,,,,,,,,
撥用賸餘,,425,2.54,,"21,514",100,,,,,,,,,,,,,,,,,,,,
,,,,,,,,,,,,,,,,,,,,,,,,,,
待填補之短絀,,"16,298",97.46,,-,-,,,,,,,,,,,,,,,,,,,,
,,,,,,,,,,,,,,,,,,,,,,,,,,
,,,,,,,,,,,,,,,,,,,,,,,,,,
,,,,,,,,,,,,,,,,,,,,,,,,,,
,,,,,,,,,,,,,,,,,,,,,,,,,,
,,,,,,,,,,,,,,,,,,,,,,,,,,
臺中市附屬單位預算,,,,,,,,,,,,,,,,,,,,,,,,,,
,,,,,,,,,,,,,,,,,,,,,,,,,,
作業基金現金流量綜計表,,,,,,,,,,,,,,,,,,,,,,,,,,
,,,,,,,,,,,,,,,,,,,,,,,,,,
(依現金流量項目分列),,,,,,,,,,,,,,,,,,,,,,,,,,
,,,,,,,,,,,,,,,,,,,,,,,,,,
,,,,,,,,,,,,,,,,,,,,,,,,,,
中華民國 105年度,,,,,,,,,,,,,,,,,,,,,,,,,,
單位：新臺幣千元,,,,,,,,,,,,,,,,,,,,,,,,,,
,,,,,,,,,,,,,,,,,,,,,,,,,,
項                目,本年度預算數,,,,,,,,,,,,,,,,,,,,,,,,,
,,,,,,,,,,,,,,,,,,,,,,,,,,
    業務活動之現金流量,,,,,,,,,,,,,,,,,,,,,,,,,,
,,,,,,,,,,,,,,,,,,,,,,,,,,
        本期賸餘（短絀－）,"1,141,100",,,,,,,,,,,,,,,,,,,,,,,,,
,,,,,,,,,,,,,,,,,,,,,,,,,,
        調整非現金項目,"1,158,060",,,,,,,,,,,,,,,,,,,,,,,,,
,,,,,,,,,,,,,,,,,,,,,,,,,,
                業務活動之淨現金流入（流出－),"2,299,160",,,,,,,,,,,,,,,,,,,,,,,,,
,,,,,,,,,,,,,,,,,,,,,,,,,,
    投資活動之現金流量,,,,,,,,,,,,,,,,,,,,,,,,,,
,,,,,,,,,,,,,,,,,,,,,,,,,,
        減少投資、長期應收款、貸墊款及準備金,"4,003,000",,,,,,,,,,,,,,,,,,,,,,,,,
,,,,,,,,,,,,,,,,,,,,,,,,,,
        增加投資、長期應收款、貸墊款及準備金,"-1,782,078",,,,,,,,,,,,,,,,,,,,,,,,,
,,,,,,,,,,,,,,,,,,,,,,,,,,
        增加固定資產及遞耗資產,"-253,371",,,,,,,,,,,,,,,,,,,,,,,,,
,,,,,,,,,,,,,,,,,,,,,,,,,,
        增加無形資產、遞延借項及其他資產,"-15,405",,,,,,,,,,,,,,,,,,,,,,,,,
,,,,,,,,,,,,,,,,,,,,,,,,,,
                投資活動之淨現金流入（流出－）,"1,952,146",,,,,,,,,,,,,,,,,,,,,,,,,
,,,,,,,,,,,,,,,,,,,,,,,,,,
    融資活動之現金流量,,,,,,,,,,,,,,,,,,,,,,,,,,
,,,,,,,,,,,,,,,,,,,,,,,,,,
        增加長期負債,"13,177,675",,,,,,,,,,,,,,,,,,,,,,,,,
,,,,,,,,,,,,,,,,,,,,,,,,,,
        減少短期債務、流動金融負債、其他負債及遞延貸項,"-2,024",,,,,,,,,,,,,,,,,,,,,,,,,
,,,,,,,,,,,,,,,,,,,,,,,,,,
        減少長期負債,"-12,312,500",,,,,,,,,,,,,,,,,,,,,,,,,
,,,,,,,,,,,,,,,,,,,,,,,,,,
        賸餘分配款,"-5,375,949",,,,,,,,,,,,,,,,,,,,,,,,,
,,,,,,,,,,,,,,,,,,,,,,,,,,
                融資活動之淨現金流入(流出-),"-4,512,798",,,,,,,,,,,,,,,,,,,,,,,,,
,,,,,,,,,,,,,,,,,,,,,,,,,,
    現金及約當現金之淨增（淨減－）,"-261,492",,,,,,,,,,,,,,,,,,,,,,,,,
,,,,,,,,,,,,,,,,,,,,,,,,,,
    期初現金及約當現金,"12,082,603",,,,,,,,,,,,,,,,,,,,,,,,,
,,,,,,,,,,,,,,,,,,,,,,,,,,
    期末現金及約當現金,"11,821,111",,,,,,,,,,,,,,,,,,,,,,,,,
,,,,,,,,,,,,,,,,,,,,,,,,,,
,,,,,,,,,,,,,,,,,,,,,,,,,,
,,,,,,,,,,,,,,,,,,,,,,,,,,
,,,,,,,,,,,,,,,,,,,,,,,,,,
,,,,,,,,,,,,,,,,,,,,,,,,,,
,,,,,,,,,,,,,,,,,,,,,,,,,,
臺中市附屬單位預算,,,,,,,,,,,,,,,,,,,,,,,,,,
,,,,,,,,,,,,,,,,,,,,,,,,,,
作業基金現金流量綜計表,,,,,,,,,,,,,,,,,,,,,,,,,,
,,,,,,,,,,,,,,,,,,,,,,,,,,
(依基金別分列),,,,,,,,,,,,,,,,,,,,,,,,,,
,,,,,,,,,,,,,,,,,,,,,,,,,,
,,,,,,,,,,,,,,,,,,,,,,,,,,
中華民國 105年度,,,,,,,,,,,,,,,,,,,,,,,,,,
單位：新臺幣千元,,,,,,,,,,,,,,,,,,,,,,,,,,
,,,,,,,,,,,,,,,,,,,,,,,,,,
,合    計,,,臺中市政府公教人員住宅及福利委員會,,,臺中市公有停車場基金,,,臺中市管線工程統一挖補作業基金,,,,,,,,,,,,,,,,
,,,,,,,,,,,,,,,,,,,,,,,,,,
項              目,,,,,,,,,,,,,,,,,,,,,,,,,,
,,,,,,,,,,,,,,,,,,,,,,,,,,
,,,,,,,,,,,,,,,,,,,,,,,,,,
,,,,,,,,,,,,,,,,,,,,,,,,,,
業務活動之現金流量,,,,,,,,,,,,,,,,,,,,,,,,,,
,,,,,,,,,,,,,,,,,,,,,,,,,,
,"1,141,100",,,-780,,,"392,059",,,-,,,,,,,,,,,,,,,,
本期賸餘（短絀－）,,,,,,,,,,,,,,,,,,,,,,,,,,
,,,,,,,,,,,,,,,,,,,,,,,,,,
,"1,158,060",,,-,,,"128,614",,,"18,886",,,,,,,,,,,,,,,,
調整非現金項目,,,,,,,,,,,,,,,,,,,,,,,,,,
,,,,,,,,,,,,,,,,,,,,,,,,,,
,"2,299,160",,,-780,,,"520,673",,,"18,886",,,,,,,,,,,,,,,,
業務活動之淨現金流入（流出－),,,,,,,,,,,,,,,,,,,,,,,,,,
,,,,,,,,,,,,,,,,,,,,,,,,,,
,,,,,,,,,,,,,,,,,,,,,,,,,,
投資活動之現金流量,,,,,,,,,,,,,,,,,,,,,,,,,,
,,,,,,,,,,,,,,,,,,,,,,,,,,
,"4,003,000",,,"3,000",,,-,,,-,,,,,,,,,,,,,,,,
減少投資、長期應收款、貸墊款及準備金,,,,,,,,,,,,,,,,,,,,,,,,,,
,,,,,,,,,,,,,,,,,,,,,,,,,,
,"-1,782,078",,,"-8,000",,,-,,,-,,,,,,,,,,,,,,,,
增加投資、長期應收款、貸墊款及準備金,,,,,,,,,,,,,,,,,,,,,,,,,,
,,,,,,,,,,,,,,,,,,,,,,,,,,
,"-253,371",,,-,,,"-111,817",,,-,,,,,,,,,,,,,,,,
增加固定資產及遞耗資產,,,,,,,,,,,,,,,,,,,,,,,,,,
,,,,,,,,,,,,,,,,,,,,,,,,,,
,"-15,405",,,-,,,"-1,500",,,-,,,,,,,,,,,,,,,,
增加無形資產、遞延借項及其他資產,,,,,,,,,,,,,,,,,,,,,,,,,,
,,,,,,,,,,,,,,,,,,,,,,,,,,
,"1,952,146",,,"-5,000",,,"-113,317",,,-,,,,,,,,,,,,,,,,
投資活動之淨現金流入（流出－）,,,,,,,,,,,,,,,,,,,,,,,,,,
,,,,,,,,,,,,,,,,,,,,,,,,,,
,,,,,,,,,,,,,,,,,,,,,,,,,,
融資活動之現金流量,,,,,,,,,,,,,,,,,,,,,,,,,,
,,,,,,,,,,,,,,,,,,,,,,,,,,
,"13,177,675",,,-,,,-,,,-,,,,,,,,,,,,,,,,
增加長期負債,,,,,,,,,,,,,,,,,,,,,,,,,,
,,,,,,,,,,,,,,,,,,,,,,,,,,
,"-2,024",,,-,,,-,,,"-2,024",,,,,,,,,,,,,,,,
減少短期債務、流動金融負債、其他負債及遞延貸項,,,,,,,,,,,,,,,,,,,,,,,,,,
,,,,,,,,,,,,,,,,,,,,,,,,,,
,"-12,312,500",,,-,,,-,,,-,,,,,,,,,,,,,,,,
減少長期負債,,,,,,,,,,,,,,,,,,,,,,,,,,
,,,,,,,,,,,,,,,,,,,,,,,,,,
,"-5,375,949",,,-,,,-,,,-,,,,,,,,,,,,,,,,
賸餘分配款,,,,,,,,,,,,,,,,,,,,,,,,,,
,,,,,,,,,,,,,,,,,,,,,,,,,,
,"-4,512,798",,,-,,,-,,,"-2,024",,,,,,,,,,,,,,,,
融資活動之淨現金流入(流出-),,,,,,,,,,,,,,,,,,,,,,,,,,
,,,,,,,,,,,,,,,,,,,,,,,,,,
,"-261,492",,,"-5,780",,,"407,356",,,"16,862",,,,,,,,,,,,,,,,
現金及約當現金之淨增（淨減－）,,,,,,,,,,,,,,,,,,,,,,,,,,
,,,,,,,,,,,,,,,,,,,,,,,,,,
,"12,082,603",,,"42,174",,,"112,830",,,"414,343",,,,,,,,,,,,,,,,
期初現金及約當現金,,,,,,,,,,,,,,,,,,,,,,,,,,
,,,,,,,,,,,,,,,,,,,,,,,,,,
,"11,821,111",,,"36,394",,,"520,186",,,"431,205",,,,,,,,,,,,,,,,
期末現金及約當現金,,,,,,,,,,,,,,,,,,,,,,,,,,
,,,,,,,,,,,,,,,,,,,,,,,,,,
,,,,,,,,,,,,,,,,,,,,,,,,,,
,,,,,,,,,,,,,,,,,,,,,,,,,,
,,,,,,,,,,,,,,,,,,,,,,,,,,
,,,,,,,,,,,,,,,,,,,,,,,,,,
臺中市附屬單位預算,,,,,,,,,,,,,,,,,,,,,,,,,,
,,,,,,,,,,,,,,,,,,,,,,,,,,
作業基金現金流量綜計表,,,,,,,,,,,,,,,,,,,,,,,,,,
,,,,,,,,,,,,,,,,,,,,,,,,,,
(依基金別分列),,,,,,,,,,,,,,,,,,,,,,,,,,
,,,,,,,,,,,,,,,,,,,,,,,,,,
,,,,,,,,,,,,,,,,,,,,,,,,,,
中華民國 105年度,,,,,,,,,,,,,,,,,,,,,,,,,,
單位：新臺幣千元,,,,,,,,,,,,,,,,,,,,,,,,,,
,,,,,,,,,,,,,,,,,,,,,,,,,,
,臺中市都市更新及都市發展建設基金,,,臺中市醫療作業基金,,,臺中市市地重劃基金,,,臺中市實施平均地權基金,,,,,,,,,,,,,,,,
,,,,,,,,,,,,,,,,,,,,,,,,,,
項              目,,,,,,,,,,,,,,,,,,,,,,,,,,
,,,,,,,,,,,,,,,,,,,,,,,,,,
,,,,,,,,,,,,,,,,,,,,,,,,,,
業務活動之現金流量,,,,,,,,,,,,,,,,,,,,,,,,,,
,,,,,,,,,,,,,,,,,,,,,,,,,,
,"75,728",,,"15,616",,,"-80,308",,,"759,277",,,,,,,,,,,,,,,,
本期賸餘（短絀－）,,,,,,,,,,,,,,,,,,,,,,,,,,
,,,,,,,,,,,,,,,,,,,,,,,,,,
,"56,775",,,"-8,065",,,"188,597",,,"766,715",,,,,,,,,,,,,,,,
調整非現金項目,,,,,,,,,,,,,,,,,,,,,,,,,,
,,,,,,,,,,,,,,,,,,,,,,,,,,
,"132,503",,,"7,551",,,"108,289",,,"1,525,992",,,,,,,,,,,,,,,,
業務活動之淨現金流入（流出－),,,,,,,,,,,,,,,,,,,,,,,,,,
,,,,,,,,,,,,,,,,,,,,,,,,,,
,,,,,,,,,,,,,,,,,,,,,,,,,,
投資活動之現金流量,,,,,,,,,,,,,,,,,,,,,,,,,,
,,,,,,,,,,,,,,,,,,,,,,,,,,
,-,,,-,,,-,,,"4,000,000",,,,,,,,,,,,,,,,
減少投資、長期應收款、貸墊款及準備金,,,,,,,,,,,,,,,,,,,,,,,,,,
,,,,,,,,,,,,,,,,,,,,,,,,,,
,-,,,-,,,"-290,461",,,"-509,048",,,,,,,,,,,,,,,,
增加投資、長期應收款、貸墊款及準備金,,,,,,,,,,,,,,,,,,,,,,,,,,
,,,,,,,,,,,,,,,,,,,,,,,,,,
,"-126,181",,,"-1,873",,,-,,,-,,,,,,,,,,,,,,,,
增加固定資產及遞耗資產,,,,,,,,,,,,,,,,,,,,,,,,,,
,,,,,,,,,,,,,,,,,,,,,,,,,,
,"-13,905",,,-,,,-,,,-,,,,,,,,,,,,,,,,
增加無形資產、遞延借項及其他資產,,,,,,,,,,,,,,,,,,,,,,,,,,
,,,,,,,,,,,,,,,,,,,,,,,,,,
,"-140,086",,,"-1,873",,,"-290,461",,,"3,490,952",,,,,,,,,,,,,,,,
投資活動之淨現金流入（流出－）,,,,,,,,,,,,,,,,,,,,,,,,,,
,,,,,,,,,,,,,,,,,,,,,,,,,,
,,,,,,,,,,,,,,,,,,,,,,,,,,
融資活動之現金流量,,,,,,,,,,,,,,,,,,,,,,,,,,
,,,,,,,,,,,,,,,,,,,,,,,,,,
,-,,,-,,,"5,290,461",,,-,,,,,,,,,,,,,,,,
增加長期負債,,,,,,,,,,,,,,,,,,,,,,,,,,
,,,,,,,,,,,,,,,,,,,,,,,,,,
,-,,,-,,,-,,,-,,,,,,,,,,,,,,,,
減少短期債務、流動金融負債、其他負債及遞延貸項,,,,,,,,,,,,,,,,,,,,,,,,,,
,,,,,,,,,,,,,,,,,,,,,,,,,,
,-,,,-,,,"-5,000,000",,,-,,,,,,,,,,,,,,,,
減少長期負債,,,,,,,,,,,,,,,,,,,,,,,,,,
,,,,,,,,,,,,,,,,,,,,,,,,,,
,-,,,"-4,270",,,-,,,"-5,371,679",,,,,,,,,,,,,,,,
賸餘分配款,,,,,,,,,,,,,,,,,,,,,,,,,,
,,,,,,,,,,,,,,,,,,,,,,,,,,
,-,,,"-4,270",,,"290,461",,,"-5,371,679",,,,,,,,,,,,,,,,
融資活動之淨現金流入(流出-),,,,,,,,,,,,,,,,,,,,,,,,,,
,,,,,,,,,,,,,,,,,,,,,,,,,,
,"-7,583",,,"1,408",,,"108,289",,,"-354,735",,,,,,,,,,,,,,,,
現金及約當現金之淨增（淨減－）,,,,,,,,,,,,,,,,,,,,,,,,,,
,,,,,,,,,,,,,,,,,,,,,,,,,,
,"3,026,155",,,"164,032",,,"3,738,205",,,"525,004",,,,,,,,,,,,,,,,
期初現金及約當現金,,,,,,,,,,,,,,,,,,,,,,,,,,
,,,,,,,,,,,,,,,,,,,,,,,,,,
,"3,018,572",,,"165,440",,,"3,846,494",,,"170,269",,,,,,,,,,,,,,,,
期末現金及約當現金,,,,,,,,,,,,,,,,,,,,,,,,,,
,,,,,,,,,,,,,,,,,,,,,,,,,,
,,,,,,,,,,,,,,,,,,,,,,,,,,
,,,,,,,,,,,,,,,,,,,,,,,,,,
,,,,,,,,,,,,,,,,,,,,,,,,,,
,,,,,,,,,,,,,,,,,,,,,,,,,,
臺中市附屬單位預算,,,,,,,,,,,,,,,,,,,,,,,,,,
,,,,,,,,,,,,,,,,,,,,,,,,,,
作業基金現金流量綜計表,,,,,,,,,,,,,,,,,,,,,,,,,,
,,,,,,,,,,,,,,,,,,,,,,,,,,
(依基金別分列),,,,,,,,,,,,,,,,,,,,,,,,,,
,,,,,,,,,,,,,,,,,,,,,,,,,,
,,,,,,,,,,,,,,,,,,,,,,,,,,
中華民國 105年度,,,,,,,,,,,,,,,,,,,,,,,,,,
單位：新臺幣千元,,,,,,,,,,,,,,,,,,,,,,,,,,
,,,,,,,,,,,,,,,,,,,,,,,,,,
,臺中市區段徵收作業基金,,,臺中市工業區開發管理基金,,,,,,,,,,,,,,,,,,,,,,
,,,,,,,,,,,,,,,,,,,,,,,,,,
項              目,,,,,,,,,,,,,,,,,,,,,,,,,,
,,,,,,,,,,,,,,,,,,,,,,,,,,
,,,,,,,,,,,,,,,,,,,,,,,,,,
業務活動之現金流量,,,,,,,,,,,,,,,,,,,,,,,,,,
,,,,,,,,,,,,,,,,,,,,,,,,,,
,"1,022",,,"-21,514",,,,,,,,,,,,,,,,,,,,,,
本期賸餘（短絀－）,,,,,,,,,,,,,,,,,,,,,,,,,,
,,,,,,,,,,,,,,,,,,,,,,,,,,
,38,,,"6,500",,,,,,,,,,,,,,,,,,,,,,
調整非現金項目,,,,,,,,,,,,,,,,,,,,,,,,,,
,,,,,,,,,,,,,,,,,,,,,,,,,,
,"1,060",,,"-15,014",,,,,,,,,,,,,,,,,,,,,,
業務活動之淨現金流入（流出－),,,,,,,,,,,,,,,,,,,,,,,,,,
,,,,,,,,,,,,,,,,,,,,,,,,,,
,,,,,,,,,,,,,,,,,,,,,,,,,,
投資活動之現金流量,,,,,,,,,,,,,,,,,,,,,,,,,,
,,,,,,,,,,,,,,,,,,,,,,,,,,
,-,,,-,,,,,,,,,,,,,,,,,,,,,,
減少投資、長期應收款、貸墊款及準備金,,,,,,,,,,,,,,,,,,,,,,,,,,
,,,,,,,,,,,,,,,,,,,,,,,,,,
,"-574,714",,,"-399,855",,,,,,,,,,,,,,,,,,,,,,
增加投資、長期應收款、貸墊款及準備金,,,,,,,,,,,,,,,,,,,,,,,,,,
,,,,,,,,,,,,,,,,,,,,,,,,,,
,-,,,"-13,500",,,,,,,,,,,,,,,,,,,,,,
增加固定資產及遞耗資產,,,,,,,,,,,,,,,,,,,,,,,,,,
,,,,,,,,,,,,,,,,,,,,,,,,,,
,-,,,-,,,,,,,,,,,,,,,,,,,,,,
增加無形資產、遞延借項及其他資產,,,,,,,,,,,,,,,,,,,,,,,,,,
,,,,,,,,,,,,,,,,,,,,,,,,,,
,"-574,714",,,"-413,355",,,,,,,,,,,,,,,,,,,,,,
投資活動之淨現金流入（流出－）,,,,,,,,,,,,,,,,,,,,,,,,,,
,,,,,,,,,,,,,,,,,,,,,,,,,,
,,,,,,,,,,,,,,,,,,,,,,,,,,
融資活動之現金流量,,,,,,,,,,,,,,,,,,,,,,,,,,
,,,,,,,,,,,,,,,,,,,,,,,,,,
,"7,887,214",,,-,,,,,,,,,,,,,,,,,,,,,,
增加長期負債,,,,,,,,,,,,,,,,,,,,,,,,,,
,,,,,,,,,,,,,,,,,,,,,,,,,,
,-,,,-,,,,,,,,,,,,,,,,,,,,,,
減少短期債務、流動金融負債、其他負債及遞延貸項,,,,,,,,,,,,,,,,,,,,,,,,,,
,,,,,,,,,,,,,,,,,,,,,,,,,,
,"-7,312,500",,,-,,,,,,,,,,,,,,,,,,,,,,
減少長期負債,,,,,,,,,,,,,,,,,,,,,,,,,,
,,,,,,,,,,,,,,,,,,,,,,,,,,
,-,,,-,,,,,,,,,,,,,,,,,,,,,,
賸餘分配款,,,,,,,,,,,,,,,,,,,,,,,,,,
,,,,,,,,,,,,,,,,,,,,,,,,,,
,"574,714",,,-,,,,,,,,,,,,,,,,,,,,,,
融資活動之淨現金流入(流出-),,,,,,,,,,,,,,,,,,,,,,,,,,
,,,,,,,,,,,,,,,,,,,,,,,,,,
,"1,060",,,"-428,369",,,,,,,,,,,,,,,,,,,,,,
現金及約當現金之淨增（淨減－）,,,,,,,,,,,,,,,,,,,,,,,,,,
,,,,,,,,,,,,,,,,,,,,,,,,,,
,"1,677,630",,,"2,382,230",,,,,,,,,,,,,,,,,,,,,,
期初現金及約當現金,,,,,,,,,,,,,,,,,,,,,,,,,,
,,,,,,,,,,,,,,,,,,,,,,,,,,
,"1,678,690",,,"1,953,861",,,,,,,,,,,,,,,,,,,,,,
期末現金及約當現金,,,,,,,,,,,,,,,,,,,,,,,,,,
,,,,,,,,,,,,,,,,,,,,,,,,,,
,,,,,,,,,,,,,,,,,,,,,,,,,,
,,,,,,,,,,,,,,,,,,,,,,,,,,
特別收入基金：,,,,,,,,,,,,,,,,,,,,,,,,,,
,,,,,,,,,,,,,,,,,,,,,,,,,,
臺中市附屬,單位預算,,,,,,,,,,,,,,,,,,,,,,,,,
特別收入基金基金來源,、用途及餘絀綜計表,,,,,,,,,,,,,,,,,,,,,,,,,
,,,,,,,,,,,,,,,,,,,,,,,,,,
中華民國 ,105年度,,,,,,,,,,,,,,,,,,,,,,,,,
,,,,,,,,,,,,,,,,,,,,,,,,,,
,,,本年度預算數,,,,,上年度預算數,,,,,,,本年度與上年度比較  ,,,,,,,期初基金餘額,,"解繳
公庫",,期末基金餘額
,,,,,,,,,,,,,,,,,,,,,,,,,,
科   目,,,"基金
來源","基金
用途","賸    餘
(短絀─)",,,"基金
來源","基金
用途","賸    餘
(短絀─)",,,,,"基金
來源","基金
用途","賸    餘
(短絀─)",,,,,,,,,
,,,,,,,,,,,,,,,,,,,,,,,,,,
,,,,,,,,,,,,,,,,,,,,,,,,,,
,,,,,,,,,,,,,,,,,,,,,,,,,,
臺中市政府環境保護局主管,,,,,,,,,,,,,,,,,,,,,,,,,,
,,,,,,,,,,,,,,,,,,,,,,,,,,
臺中市環境保護基金,,,,,,,,,,,,,,,,,,,,,,,,,,
,,,"714,624","885,965","-171,341",,,"716,177","547,524","168,653",,,,,"-1,553","338,441","-339,994",,,,,"2,823,283",, -   ,,"2,651,942"
,,,,,,,,,,,,,,,,,,,,,,,,,,
,,,,,,,,,,,,,,,,,,,,,,,,,,
臺中市政府農業局主管,,,,,,,,,,,,,,,,,,,,,,,,,,
,,,,,,,,,,,,,,,,,,,,,,,,,,
臺中市農業發展基金,,,,,,,,,,,,,,,,,,,,,,,,,,
,,,"257,562","265,675","-8,113",,,"7,562","10,768","-3,206",,,,,"250,000","254,907","-4,907",,,,,"83,929",, -   ,,"75,816"
,,,,,,,,,,,,,,,,,,,,,,,,,,
,,,,,,,,,,,,,,,,,,,,,,,,,,
臺中市動物福利基金,,,,,,,,,,,,,,,,,,,,,,,,,,
,,,102,"11,000","-10,898",,,"11,100","11,000",100,,,,,"-10,998", -   ,"-10,998",,,,,"11,892",, -   ,,994
,,,,,,,,,,,,,,,,,,,,,,,,,,
,,,,,,,,,,,,,,,,,,,,,,,,,,
臺中市政府勞工局主管,,,,,,,,,,,,,,,,,,,,,,,,,,
,,,,,,,,,,,,,,,,,,,,,,,,,,
臺中市身心障礙者就業基金,,,,,,,,,,,,,,,,,,,,,,,,,,
,,,"58,927","80,480","-21,553",,,"58,612","78,530","-19,918",,,,,315,"1,950","-1,635",,,,,"644,631",, -   ,,"623,078"
,,,,,,,,,,,,,,,,,,,,,,,,,,
,,,,,,,,,,,,,,,,,,,,,,,,,,
臺中市勞工權益基金,,,,,,,,,,,,,,,,,,,,,,,,,,
,,,"28,011","28,000",11,,,"20,017","20,000",17,,,,,"7,994","8,000",-6,,,,,"8,182",, -   ,,"8,193"
,,,,,,,,,,,,,,,,,,,,,,,,,,
,,,,,,,,,,,,,,,,,,,,,,,,,,
臺中市政府社會局主管,,,,,,,,,,,,,,,,,,,,,,,,,,
,,,,,,,,,,,,,,,,,,,,,,,,,,
臺中市公益彩券盈餘分配基金,,,,,,,,,,,,,,,,,,,,,,,,,,
,,,"935,721","1,713,756","-778,035",,,"828,633","2,301,445","-1,472,812",,,,,"107,088","-587,689","694,777",,,,,"870,563",, -   ,,"92,528"
,,,,,,,,,,,,,,,,,,,,,,,,,,
,,,,,,,,,,,,,,,,,,,,,,,,,,
臺中市政府教育局主管,,,,,,,,,,,,,,,,,,,,,,,,,,
,,,,,,,,,,,,,,,,,,,,,,,,,,
臺中市地方教育發展基金,,,,,,,,,,,,,,,,,,,,,,,,,,
,,,"41,247,787","41,626,392","-378,605",,,"39,548,186","39,997,977","-449,791",,,,,"1,699,601","1,628,415","71,186",,,,,"3,223,907",, -   ,,"2,845,302"
,,,,,,,,,,,,,,,,,,,,,,,,,,
,,,,,,,,,,,,,,,,,,,,,,,,,,
,,,,,,,,,,,,,,,,,,,,,,,,,,
,,,,,,,,,,,,,,,,,,,,,,,,,,
合計,,,"43,242,734","44,611,268","-1,368,534",,,"41,190,287","42,967,244","-1,776,957",,,,,"2,052,447","1,644,024","408,423",,,,,"7,666,387",, -   ,,"6,297,853"
,,,,,,,,,,,,,,,,,,,,,,,,,,
,,,,,,,,,,,,,,,,,,,,,,,,,,
,,,,,,,,,,,,,,,,,,,,,,,,,,
臺中市附屬單位預算,,,,,,,,,,,,,,,,,,,,,,,,,,
,,,,,,,,,,,,,,,,,,,,,,,,,,
特別收入基金現金流量綜計表,,,,,,,,,,,,,,,,,,,,,,,,,,
(依現金流量項目分析),,,,,,,,,,,,,,,,,,,,,,,,,,
,,,,,,,,,,,,,,,,,,,,,,,,,,
中華民國 105年度,,,,,,,,,,,,,,,,,,,,,,,,,,
單位：新臺幣千元,,,,,,,,,,,,,,,,,,,,,,,,,,
,,,,,,,,,,,,,,,,,,,,,,,,,,
項              目,本年度預算數,,,,,,,,,,,,,,,,,,,,,,,,,
,,,,,,,,,,,,,,,,,,,,,,,,,,
    業務活動之現金流量,,,,,,,,,,,,,,,,,,,,,,,,,,
,,,,,,,,,,,,,,,,,,,,,,,,,,
        本期賸餘（短絀－）,"-1,368,534",,,,,,,,,,,,,,,,,,,,,,,,,
,,,,,,,,,,,,,,,,,,,,,,,,,,
        調整非現金項目,"-220,929",,,,,,,,,,,,,,,,,,,,,,,,,
,,,,,,,,,,,,,,,,,,,,,,,,,,
                業務活動之淨現金流入（流出－),"-1,589,463",,,,,,,,,,,,,,,,,,,,,,,,,
,,,,,,,,,,,,,,,,,,,,,,,,,,
,,,,,,,,,,,,,,,,,,,,,,,,,,
    其他活動之現金流量,,,,,,,,,,,,,,,,,,,,,,,,,,
,,,,,,,,,,,,,,,,,,,,,,,,,,
,,,,,,,,,,,,,,,,,,,,,,,,,,
        減少其他資產,"3,701",,,,,,,,,,,,,,,,,,,,,,,,,
,,,,,,,,,,,,,,,,,,,,,,,,,,
        增加短期債務及其他負債,"19,057",,,,,,,,,,,,,,,,,,,,,,,,,
,,,,,,,,,,,,,,,,,,,,,,,,,,
        增加其他資產,"-20,200",,,,,,,,,,,,,,,,,,,,,,,,,
,,,,,,,,,,,,,,,,,,,,,,,,,,
        減少短期債務及其他負債,"-46,577",,,,,,,,,,,,,,,,,,,,,,,,,
,,,,,,,,,,,,,,,,,,,,,,,,,,
                其他活動之淨現金流入（流出－),"-44,019",,,,,,,,,,,,,,,,,,,,,,,,,
,,,,,,,,,,,,,,,,,,,,,,,,,,
,,,,,,,,,,,,,,,,,,,,,,,,,,
    現金及約當現金之淨增（淨減－）,"-1,633,482",,,,,,,,,,,,,,,,,,,,,,,,,
,,,,,,,,,,,,,,,,,,,,,,,,,,
    期初現金及約當現金,"12,164,878",,,,,,,,,,,,,,,,,,,,,,,,,
,,,,,,,,,,,,,,,,,,,,,,,,,,
    期末現金及約當現金,"10,531,396",,,,,,,,,,,,,,,,,,,,,,,,,
,,,,,,,,,,,,,,,,,,,,,,,,,,
,,,,,,,,,,,,,,,,,,,,,,,,,,
臺中市附屬單位預算,,,,,,,,,,,,,,,,,,,,,,,,,,
,,,,,,,,,,,,,,,,,,,,,,,,,,
特別收入基金現金流量綜計表,,,,,,,,,,,,,,,,,,,,,,,,,,
,,,,,,,,,,,,,,,,,,,,,,,,,,
(依基金別分析),,,,,,,,,,,,,,,,,,,,,,,,,,
,,,,,,,,,,,,,,,,,,,,,,,,,,
,,,,,,,,,,,,,,,,,,,,,,,,,,
中華民國 105年度,,,,,,,,,,,,,,,,,,,,,,,,,,
單位：新臺幣千元,,,,,,,,,,,,,,,,,,,,,,,,,,
,,,,,,,,,,,,,,,,,,,,,,,,,,
,合    計,,,臺中市環境保護基金,,,臺中市農業發展基金,,,臺中市動物福利基金,,,,,,,,,,,,,,,,
,,,,,,,,,,,,,,,,,,,,,,,,,,
項              目,,,,,,,,,,,,,,,,,,,,,,,,,,
,,,,,,,,,,,,,,,,,,,,,,,,,,
,,,,,,,,,,,,,,,,,,,,,,,,,,
業務活動之現金流量,,,,,,,,,,,,,,,,,,,,,,,,,,
,,,,,,,,,,,,,,,,,,,,,,,,,,
本期賸餘（短絀－）,"-1,368,534",,,"-171,341",,,"-8,113",,,"-10,898",,,,,,,,,,,,,,,,
,,,,,,,,,,,,,,,,,,,,,,,,,,
調整非現金項目,"-220,929",,,"7,161",,,"4,846",,,-,,,,,,,,,,,,,,,,
,,,,,,,,,,,,,,,,,,,,,,,,,,
業務活動之淨現金流入（流出－),"-1,589,463",,,"-164,180",,,"-3,267",,,"-10,898",,,,,,,,,,,,,,,,
,,,,,,,,,,,,,,,,,,,,,,,,,,
其他活動之現金流量,,,,,,,,,,,,,,,,,,,,,,,,,,
,,,,,,,,,,,,,,,,,,,,,,,,,,
減少其他資產,"3,701",,,-,,,-,,,-,,,,,,,,,,,,,,,,
,,,,,,,,,,,,,,,,,,,,,,,,,,
增加短期債務及其他負債,"19,057",,,-,,,-,,,-,,,,,,,,,,,,,,,,
,,,,,,,,,,,,,,,,,,,,,,,,,,
增加其他資產,"-20,200",,,-,,,-,,,-,,,,,,,,,,,,,,,,
,,,,,,,,,,,,,,,,,,,,,,,,,,
減少短期債務及其他負債,"-46,577",,,-87,,,-,,,-,,,,,,,,,,,,,,,,
,,,,,,,,,,,,,,,,,,,,,,,,,,
其他活動之淨現金流入（流出－),"-44,019",,,-87,,,-,,,-,,,,,,,,,,,,,,,,
,,,,,,,,,,,,,,,,,,,,,,,,,,
現金及約當現金之淨增（淨減－）,"-1,633,482",,,"-164,267",,,"-3,267",,,"-10,898",,,,,,,,,,,,,,,,
,,,,,,,,,,,,,,,,,,,,,,,,,,
期初現金及約當現金,"12,164,878",,,"2,906,319",,,"84,420",,,"11,892",,,,,,,,,,,,,,,,
,,,,,,,,,,,,,,,,,,,,,,,,,,
期末現金及約當現金,"10,531,396",,,"2,742,052",,,"81,153",,,994,,,,,,,,,,,,,,,,
,,,,,,,,,,,,,,,,,,,,,,,,,,
,,,,,,,,,,,,,,,,,,,,,,,,,,
臺中市附屬單位預算,,,,,,,,,,,,,,,,,,,,,,,,,,
,,,,,,,,,,,,,,,,,,,,,,,,,,
特別收入基金現金流量綜計表,,,,,,,,,,,,,,,,,,,,,,,,,,
,,,,,,,,,,,,,,,,,,,,,,,,,,
(依基金別分析),,,,,,,,,,,,,,,,,,,,,,,,,,
,,,,,,,,,,,,,,,,,,,,,,,,,,
,,,,,,,,,,,,,,,,,,,,,,,,,,
中華民國 105年度,,,,,,,,,,,,,,,,,,,,,,,,,,
單位：新臺幣千元,,,,,,,,,,,,,,,,,,,,,,,,,,
,,,,,,,,,,,,,,,,,,,,,,,,,,
,臺中市身心障礙者就業基金,,,臺中市勞工權益基金,,,臺中市公益彩券盈餘分配基金,,,臺中市地方教育發展基金,,,,,,,,,,,,,,,,
,,,,,,,,,,,,,,,,,,,,,,,,,,
項              目,,,,,,,,,,,,,,,,,,,,,,,,,,
,,,,,,,,,,,,,,,,,,,,,,,,,,
,,,,,,,,,,,,,,,,,,,,,,,,,,
業務活動之現金流量,,,,,,,,,,,,,,,,,,,,,,,,,,
,,,,,,,,,,,,,,,,,,,,,,,,,,
本期賸餘（短絀－）,"-21,553",,,11,,,"-778,035",,,"-378,605",,,,,,,,,,,,,,,,
,,,,,,,,,,,,,,,,,,,,,,,,,,
調整非現金項目,-280,,,-,,,-268,,,"-232,388",,,,,,,,,,,,,,,,
,,,,,,,,,,,,,,,,,,,,,,,,,,
業務活動之淨現金流入（流出－),"-21,833",,,11,,,"-778,303",,,"-610,993",,,,,,,,,,,,,,,,
,,,,,,,,,,,,,,,,,,,,,,,,,,
其他活動之現金流量,,,,,,,,,,,,,,,,,,,,,,,,,,
,,,,,,,,,,,,,,,,,,,,,,,,,,
減少其他資產,-,,,-,,,-,,,"3,701",,,,,,,,,,,,,,,,
,,,,,,,,,,,,,,,,,,,,,,,,,,
增加短期債務及其他負債,-,,,-,,,268,,,"18,789",,,,,,,,,,,,,,,,
,,,,,,,,,,,,,,,,,,,,,,,,,,
增加其他資產,-,,,-,,,-,,,"-20,200",,,,,,,,,,,,,,,,
,,,,,,,,,,,,,,,,,,,,,,,,,,
減少短期債務及其他負債,-,,,-,,,-,,,"-46,490",,,,,,,,,,,,,,,,
,,,,,,,,,,,,,,,,,,,,,,,,,,
其他活動之淨現金流入（流出－),-,,,-,,,268,,,"-44,200",,,,,,,,,,,,,,,,
,,,,,,,,,,,,,,,,,,,,,,,,,,
現金及約當現金之淨增（淨減－）,"-21,833",,,11,,,"-778,035",,,"-655,193",,,,,,,,,,,,,,,,
,,,,,,,,,,,,,,,,,,,,,,,,,,
期初現金及約當現金,"641,485",,,"8,181",,,"881,975",,,"7,630,606",,,,,,,,,,,,,,,,
,,,,,,,,,,,,,,,,,,,,,,,,,,
期末現金及約當現金,"619,652",,,"8,192",,,"103,940",,,"6,975,413",,,,,,,,,,,,,,,,
