高雄市地方總預算,,,,,,,,,,
歲出機關別預算表,,,,,,,,,,
經資門併計,,,,,,,   中華民國105年度,,,單位:新台幣千元
科目,,,,,,,"本年度
 預算數","上年度
 預算數","本 年 度
 與上年度
 比    較",說               明
款,項,目,節,,,名 稱 及 編 號,,,,
2,,,,02000,,市政府主管," 	14,125,239 "," 	13,900,618 "," 	224,621 ",
,1,,,02001,,秘書處," 	326,299 "," 	324,912 "," 	1,387 ",
,,1,,,530100,一般行政," 	210,586 "," 	206,566 "," 	4,020 ",
,,,1,,530101,行政管理," 	210,586 "," 	206,566 "," 	4,020 ","本年度預算數之內容與上年度之比較如下:
1.人員維持費186,899千元，較
  上年度核實增列人事費4,619
  千元。
2.基本行政工作維持費23,687
  千元，較上年度減列車輛相
  關等經費599千元。"
,,2,,,530200,事務管理," 	94,202 "," 	97,101 ","-	2,899 ",
,,,1,,530201,庶務管理," 	94,202 "," 	97,101 ","-	2,899 ","本年度預算數較上年度減列2,899千元，包括:
1.新增拆除危險老舊宿舍經費
  750千元。
2.保全、房屋建築等設施設備
  養護及機械設備費22,900千
  元，較上年度增列2,213千元
3.水電費、稅捐及規費49,377
  千元，較上年度減列679千元
  。
4.上年度承租國有土地租金及
  內政部補助辦理鳳山新建大
  樓工程，預算業已編竣，所
  列5,183千元如數減列。"
,,3,,,530300,文書業務," 	9,061 "," 	11,803 ","-	2,742 ",
,,,1,,530301,文書管理," 	9,061 "," 	11,803 ","-	2,742 ","本年度預算數較上年度減列2,742千元，包括:
1.水電費、物品、一般事務費
  784千元，較上年度增列329
  千元。
2.個人電腦、伺服器及人事系
  統擴充等資訊軟硬體相關經
  費1,445千元，較上年度增列
  1,130千元。
3.通訊費987千元，較上年度減
  列201千元。
4.上年度購置二代公文儲存設
  備擴充案，預算業已編竣，
  所列4,000千元如數減列。"
,,5,,,531000,國際事務," 	6,990 "," 	4,420 "," 	2,570 ",
,,,1,,531001,訪賓接待聯繫業務," 	6,990 "," 	4,420 "," 	2,570 ","本年度預算數較上年度增列2,570千元，包括:
1.新增看見高雄城市外交經費
  1,500千元。
2.參加國際性會議、訪問、落
  地接待等經費2,180千元，較
  上年度增列1,180千元。
3.補助波特蘭姊妹市協會花車
  製作等費用270千元，較上年
  度減列110千元。"
,,6,,,530500,機要業務," 	4,360 "," 	3,922 ", 	438 ,
,,,1,,530501,處理機要," 	4,360 "," 	3,922 ", 	438 ,"本年度預算數4,360千元，較上年度增列一般事務費438千元。"
,,10,,,534000,預備金," 	1,100 "," 	1,100 ", 	-00 ,
,,,1,,534001,第一預備金," 	1,100 "," 	1,100 ", 	-00 ,仍照上年度預算數編列。
,2,,,02002,,主計處," 	94,842 "," 	97,317 ","-	2,475 ",
,,1,,,530100,一般行政," 	86,778 "," 	89,593 ","-	2,815 ",
,,,1,,530101,行政管理," 	86,778 "," 	89,593 ","-	2,815 ","本年度預算數之內容與上年度
之比較如下：
1.人員維持費83,506千元，較
  上年度核實增列545千元。
2.基本行政工作維持費3,272
  千元，較上年度新增副首長
  座車605千元及減列資訊軟
  硬體設備費等經費3,965千
  元。"
,,2,,,530200,總預算編審與督導執行, 	579 , 	579 , 	-00 ,
,,,1,,530201,總預算編審與督導執行, 	579 , 	579 , 	-00 ,"本年度預算數579千元，係辦
理總預算作業經費，與上年度
同。"
,,3,,,530600,事業預算編審與督導執行, 	291 , 	291 , 	-00 ,
,,,1,,530601,事業預算編審與督導執行, 	291 , 	291 , 	-00 ,"本年度預算數291千元，係辦
理附屬單位預算作業經費，與
上年度同。"
,,4,,,530300,會計與決算, 	476 , 	476 , 	-00 ,
,,,1,,530301,會計與決算, 	476 , 	476 , 	-00 ,"本年度預算數476千元，係辦
理總會計作業經費，與上年度
同。"
,,5,,,530400,公務統計, 	392 , 	392 , 	-00 ,
,,,1,,530401,公務統計, 	392 , 	392 , 	-00 ,"本年度預算數392千元，係辦
理公務統計作業經費，與上年
度同。"
,,6,,,530500,經濟統計," 	6,270 "," 	5,930 ", 	340 ,
,,,1,,530501,經濟統計," 	6,270 "," 	5,930 ", 	340 ,"本年度預算數較上年度增列
340千元，包括：
1.物價調查與統計分析經費
  3,541千元，較上年度增列
  約僱人員保險費29千元。
2.民間經濟活動調查2,729千
  元，較上年度增列家庭收
  支記帳調查戶數費用等311
  千元。"
,,7,,,534000,預備金, 	56 , 	56 , 	-00 ,
,,,1,,534001,第一預備金, 	56 , 	56 , 	-00 ,仍照上年度預算數編列。
,3,,,02003,,人事處," 	157,109 "," 	161,275 ","-	4,166 ",
,,1,,,530100,一般行政," 	80,783 "," 	84,680 ","-	3,897 ",
,,,1,,530101,行政管理," 	80,783 "," 	84,680 ","-	3,897 ","本年度預算數之內容與上年度
之比較如下：
1.人員維持費74,491千元，較
  上年度核實增列人事費973
  千元。
2.基本行政工作維持費6,292
  千元，較上年度減列人事服
  務網軟硬體委外開發建置案
  及網路設備等經費4,870千
  元。"
,,2,,,530200,綜合性業務及人事人員管理, 	867 , 	867 , 	-00 ,
,,,1,,530201,辦理綜合性業務及人事人員管理, 	867 , 	867 , 	-00 ,"本年度預算數867千元，係辦
理策略性人力資源管理、員工
協助方案、人事人員管理、綜
合性業務及補助本市公務人員
協會等經費，與上年度同。"
,,3,,,530300,組織及任免遷調考試, 	523 , 	523 , 	-00 ,
,,,1,,530301,辦理機關組織及任審考試分發, 	523 , 	523 , 	-00 ,"本年度預算數523千元，係辦
理機關組織編制、考試分發、
任免遷調及聘(僱)用人員管理
等經費，與上年度同。"
,,4,,,530400,考核獎懲及研習進修," 	1,436 "," 	1,436 ", 	-00 ,
,,,1,,530401,考核獎懲及研習進修," 	1,436 "," 	1,436 ", 	-00 ,"本年度預算數1,436千元，係
辦理考核獎懲案件、員工進修
研習及選拔模範公務人員等經
費，與上年度同。"
,,5,,,530500,待遇福利及退休撫卹," 	2,116 "," 	2,116 ", 	-00 ,
,,,1,,530501,待遇福利及退休撫卹," 	2,116 "," 	2,116 ", 	-00 ,"本年度預算數2,116千元，係
辦理公教員工待遇福利、退休
撫卹及補助本市退休公教人員
協會等經費，與上年度同。"
,,20,,,532000,住宅輔貸," 	71,289 "," 	71,558 ",-	269 ,
,,,1,,532001,公教人員住宅輔貸," 	71,289 "," 	71,558 ",-	269 ,"本年度預算數71,289千元，較
上年度減列對原高雄縣公教住
宅貸款貼補息之差額269千元
。"
,,40,,,534000,預備金, 	95 , 	95 , 	-00 ,
,,,1,,534001,第一預備金, 	95 , 	95 , 	-00 ,"仍照上年度預算數編列。
"
,5,,,02005,,研究發展考核委員會," 	110,789 "," 	103,212 "," 	7,577 ",
,,1,,,530100,一般行政," 	60,280 "," 	60,734 ",-	454 ,
,,,1,,530101,行政管理," 	60,280 "," 	60,734 ",-	454 ,"本年度預算數之內容與上年度
之比較如下：
1.人員維持費57,003千元與上
  年度同。
2.基本行政工作維持費3,277
  千元，較上年度減列租車費
  及購置個人電腦等經費454
  千元。"
,,2,,,530200,綜合計畫," 	4,078 "," 	1,078 "," 	3,000 ",
,,,2,,530202,策定年度施政計畫," 	4,078 "," 	1,078 "," 	3,000 ","本年度預算數4,078千元，較
上年度新增辦理公民參與所產
生社區提案之推動及落實等經
費3,000千元。"
,,3,,,530300,研究發展," 	6,702 "," 	3,802 "," 	2,900 ",
,,,1,,530301,市政研究發展及革新," 	6,577 "," 	3,677 "," 	2,900 ","本年度預算數較上年度增列
2,900千元，包括：
1.新增辦理公民參與培訓、宣
  導、輔導、規劃及培養在地
  公民參與城市治理等經費
  3,000千元。
2.上年度補助市政專案及創新
  研究，預算業已編竣，所列
  100千元如數減列。"
,,,2,,530302,加強為民服務措施, 	125 , 	125 , 	-00 ,"本年度預算數125千元，係辦
理推動為民服務工作考核評鑑
經費，與上年度同。"
,,4,,,530400,管制考核, 	540 , 	440 , 	100 ,
,,,1,,530401,列管計畫考核評估, 	449 , 	366 , 	83 ,"本年度預算數449千元，較上
年度增列物品及一般事務費等
經費83千元。"
,,,2,,530402,公文督導考核, 	91 , 	74 , 	17 ,"本年度預算數91千元，較上年
度增列通訊費及一般事務費等
經費17千元。"
,,6,,,530600,為民服務," 	37,855 "," 	35,824 "," 	2,031 ",
,,,1,,530601,聯合服務業務," 	37,855 "," 	35,824 "," 	2,031 ","本年度預算數37,855千元，較
上年度增列話務中心經費
2,031千元。"
,,7,,,530700,工程品質評鑑與查核," 	1,239 "," 	1,239 ", 	-00 ,
,,,1,,530701,工程品質查核," 	1,239 "," 	1,239 ", 	-00 ,"本年度預算數1,239千元，係
辦理工程品質查核經費，與
上年度同。"
,,40,,,534000,預備金, 	95 , 	95 , 	-00 ,
,,,1,,534001,第一預備金, 	95 , 	95 , 	-00 ,仍照上年度預算數編列。
,12,,,02012,,政風處," 	54,817 "," 	47,735 "," 	7,082 ",
,,1,,,530100,一般行政," 	52,985 "," 	45,903 "," 	7,082 ",
,,,1,,530101,行政管理," 	52,985 "," 	45,903 "," 	7,082 ","本年度預算數之內容與上年度
之比較如下：
1.人員維持費51,001千元，
  較上年度核實增列7,075千
  元。
2.基本行政工作維持費
  1,984千元，較上年度增列
  印刷等經費7千元。
"
,,2,,,530200,組織管理機密維護, 	787 , 	787 , 	-00 ,
,,,4,,530204,組織管理機密維護, 	787 , 	787 , 	-00 ,"本年度預算數787千元，係編
列臨時人員薪資及辦理政風人
員任免遷調經費，與上年度同
。

"
,,3,,,530300,政風調查, 	240 , 	240 , 	-00 ,
,,,1,,530301,政風查處, 	240 , 	240 , 	-00 ,"本年度預算數240千元，係辦
理政風查處經費，與上年度同
。
"
,,4,,,530400,預防貪瀆, 	715 , 	715 , 	-00 ,
,,,1,,530401,政風防弊, 	715 , 	715 , 	-00 ,"本年度預算數715千元，係辦
理財產申報受理審查及推廣行
政透明等經費，與上年度同。

"
,,5,,,534000,預備金, 	90 , 	90 , 	-00 ,
,,,1,,534001,第一預備金, 	90 , 	90 , 	-00 ,"仍照上年度預算數編列。
"
,16,,,02016,,原住民事務委員會," 	599,490 "," 	646,314 ","-	46,824 ",
,,1,,,580100,一般行政," 	32,954 "," 	33,195 ",-	241 ,
,,,1,,580101,行政管理," 	32,954 "," 	33,195 ",-	241 ,"本年度預算數之內容與上年度
之比較如下：
1.充實設備計畫自105年度併
  入本計畫，其上年度預算數
  相對移列。
2.人員維持費30,500千元，較
  上年度核實減列人事費239
  千元。
3.基本行政工作維持費2,454千
  元，較上年度減列資訊軟硬
  體設備費2千元。"
,,2,,,580200,原住民行政," 	566,496 "," 	613,079 ","-	46,583 ",
,,,2,,580202,原住民文化教育," 	40,311 "," 	48,598 ","-	8,287 ","本年度預算數較上年度減列
8,287千元，包括：
1.新增赴紐西蘭考察國外旅費
  160千元。
2.新增原住民部落大學實施計
  畫3,900千元。
3.辦理原住民部落活力、幼兒
  補教、教育補助及推廣等經
  費27,332千元，較上年度減
  列9,502千元。
4.辦理南島文化系列計畫經費
  1,875千元，較上年度減列
  625千元。
5.上年度辦理全國原住民運動
  會及原住民文物館改善計畫
  ，預算業已編竣，所列
  2,220千元如數減列。"
,,,4,,580204,原住民衛生福利," 	20,875 "," 	29,707 ","-	8,832 ","本年度預算數20,875千元，較
上年度減列辦理原住民族家庭
暨婦女服務中心等經費8,832
千元。"
,,,5,,580205,原住民經濟土地," 	366,443 "," 	311,952 "," 	54,491 ","本年度預算數較上年度增列
54,491千元，包括：
1.新增山地原住民區104年度
  預算收支考核獎勵金6,000
  千元。
2.新增辦理茂林區公所退休(
  伍)軍公教人員年終慰問金
  30千元。
3.新增辦理山坡地超限利用改
  正造林計畫240千元。
4.辦理扶植輔導原住民經濟產
  業、保留地土地管理及森林
  保育等經費82,738千元，較
  上年度增列48,221千元。"
,,,6,,580206,原住民部落建設," 	138,867 "," 	222,822 ","-	83,955 ","本年度預算數較上年度減列
83,955千元，包括：
1.辦理部落安全環境建設計畫
  經費45,000千元，較上年度
  減列5,000千元。
2.辦理部落特色道路及部落永
  續造景計畫等經費92,277千
  元，較上年度減列部落水資
  源供水計畫及六龜區寶山永
  久屋基地等經費78,955千元
  。
"
,,3,,02016,584000,預備金, 	40 , 	40 , 	-00 ,
,,,1,,584001,第一預備金, 	40 , 	40 , 	-00 ,仍照上年度預算數編列。
,18,,,02018,,客家事務委員會," 	134,743 "," 	86,058 "," 	48,685 ",
,,1,,,580100,一般行政," 	27,018 "," 	27,812 ",-	794 ,
,,,1,,580101,行政管理," 	27,018 "," 	27,812 ",-	794 ,"本年度預算數之內容與上年度
之比較如下：
1.人員維持費23,115千元，較
  上年度核實減列人事費398
  千元。
2.基本行政工作維持費3,903
  千元，較上年度減列推動客
  語無障礙環境服務志工餐點
  、交通補助費及志工慰問金
  等經費396千元。
"
,,2,,,580200,客家行政," 	107,662 "," 	58,183 "," 	49,479 ",
,,,1,,580201,客家事務管理," 	107,662 "," 	58,183 "," 	49,479 ","本年度預算數較上年度增列
49,479千元，包括：
1.美濃客家文物館經營管理
  43,591千元，較上年度增
  列美濃學園教育藝文館室
  內展示軟體及營運規劃監
  造暨工程案等經費35,650
  千元。
2.客家產業發展及藝文創作
  32,556千元，較上年度增
  列福安菸葉輔導站客家藝
  文、音樂及產業交流中心
  規劃設計暨工程案等經費
  30,893千元。
3.客家文化活動4,700千元，
  較上年度增列客庄12大節
  慶-高雄客家文化節經費
  200千元。
4.客家文化事務合作交流
  15,415千元，較上年度減
  列高雄市客家信仰中心整
  體風貌改善規劃設計暨工
  程等經費17,264千元。"
,,3,,,584000,預備金, 	63 , 	63 , 	-00 ,
,,,1,,584001,第一預備金, 	63 , 	63 , 	-00 ,"仍照上年度預算數編列。

"
,19,,,02019,,公務人力發展中心," 	52,501 "," 	52,002 ", 	499 ,
,,1,,,650100,一般行政," 	33,878 "," 	33,289 ", 	589 ,
,,,1,,650101,行政管理," 	33,878 "," 	33,289 ", 	589 ,"本年度預算數之內容與上年度
之比較如下：
1.人員維持費30,948千元，較
  上年度核實增列人事費205
  千元。
2.基本行政工作維持費2,930
  千元，較上年度增列教學用
  軟體及平台功能提升等經費
  384千元。"
,,3,,,650300,教學行政支出," 	18,623 "," 	18,713 ",-	90 ,
,,,1,,650301,教育訓練研習," 	18,623 "," 	18,713 ",-	90 ,"本年度預算數18,623千元，較
上年度減列印製教材等經費90
千元。"
,20,,,02020,,資訊中心," 	73,069 "," 	61,315 "," 	11,754 ",
,,1,,,530100,一般行政," 	41,646 "," 	41,652 ",-	6 ,
,,,1,,530101,行政管理," 	41,646 "," 	41,652 ",-	6 ,"本年度預算數之內容與上年度之比較如下：
1.人員維持費40,831千元與上
  年度同。
2.基本行政工作維持費815千元
  ，較上年度減列公務車租車
  費6千元。"
,,4,,,530400,市政資訊發展," 	5,530 "," 	3,720 "," 	1,810 ",
,,,1,,530401,資訊整合規劃設計與推廣," 	5,530 "," 	3,720 "," 	1,810 ","本年度預算數較上年度增列1,810千元，包括：
1.新增E化服務網功能提昇暨系
  統移植720千元。
2.新增跨機關便民服務資訊平
  台系統功能提昇500千元。
3.線上即時服務系統功能提昇
  經費940千元，較上年度增
  列140千元。 
4.市政資訊決策支援系統功能
  提昇經費600千元，較上年
  度增列200千元。
5.資料開放平台功能提昇經費
  900千元，較上年度增列
  250千元。"
,,6,,,530600,網路應用服務管理," 	11,984 "," 	4,484 "," 	7,500 ",
,,,1,,530601,市政網站及郵件服務管理," 	11,984 "," 	4,484 "," 	7,500 ","本年度預算數較上年度增列7,500千元，包括：
1.全府全球資訊網暨機關網站
  整合服務平台建置經費
  4,800千元，較上年度增列
  4,100千元。
2.全府電子郵件帳號管理系統
  建置經費3,700千元，較上
  年度增列2,950千元。
3.擴增寄存機關網站環境平台
  經費900千元，較上年度增
  列250千元。
4.本府網頁及郵件資安漏洞掃
  描檢核經費400千元，較上
  年度增列200千元。"
,,8,,,530800,資訊基礎建設管理," 	13,909 "," 	11,459 "," 	2,450 ",
,,,1,,530801,機房網路及資安管理," 	13,909 "," 	11,459 "," 	2,450 ","本年度預算數較上年度增列2,450千元，包括：
1.新增Web應用程式防火牆
  1,500千元。
2.新增進階持續性滲透攻擊
  (APT)防禦系統1,200千元。
3.新增擴充現有本府虛擬平台
  容量1,850千元。
4.建置本府網路資訊安全防護
  監控機制經費970千元，較上
  年度增列320千元。
5.入侵偵測IPS功能擴充經費
  200千元，較上年度減列20
  千元。
6.上年度辦理網路骨幹核心系
  統、資安預警系統功能擴充
  及防火牆功能擴充，預算業
  已編竣，所列2,400千元如數
  減列。"
,101,,,02101,,鹽埕區公所," 	65,941 "," 	62,822 "," 	3,119 ",
,,1,,,580100,一般行政," 	49,476 "," 	49,722 ",-	246 ,
,,,1,,580101,行政管理," 	49,476 "," 	49,722 ",-	246 ,"本年度預算數之內容與上年度
之比較如下：
1.人員維持費33,948千元，較
  上年度核實增列人事費225
  千元。
2.基本行政工作維持費815千元
  ，較上年度減列車輛相關等
  經費31千元。
3.里鄰長及里幹事相關經費
  14,713千元，較上年度減列
  440千元。"
,,2,,,580200,區公所業務," 	15,275 "," 	11,428 "," 	3,847 ",
,,,1,,580201,業務管理," 	15,275 "," 	11,428 "," 	3,847 ","本年度預算數較上年度增列
3,847千元，包括：
1.區公所共同費用項目經費
  11,427千元，較上年度增列
  區里公共設施及環境改善等
  經費3,823千元。
2.其他業務運作經費3,549
  千元，較上年度增列電腦
  office隨機版等經費24千
  元。 "
,,4,,,706100,基層建設," 	1,190 "," 	1,672 ",-	482 ,
,,,1,,706101,小型工程," 	1,190 "," 	1,672 ",-	482 ,"本年度編列項目如下：
1.修建6公尺以下巷道工程及小
  型排水溝工程1,090千元。
2.6公尺以下道路維護費100千
  元。
"
,102,,,02102,,鼓山區公所," 	132,556 "," 	125,841 "," 	6,715 ",
,,1,,,580100,一般行政," 	86,215 "," 	84,430 "," 	1,785 ",
,,,1,,580101,行政管理," 	86,215 "," 	84,430 "," 	1,785 ","本年度預算數之內容與上年度
之比較如下：
1.人員維持費55,623千元，較
  上年度核實增列人事費370
  千元。
2.基本行政工作維持費2,934
  千元，較上年度增列區長座
  車及行政大樓修繕工程等經
  費1,916千元。
3.里鄰長及里幹事相關經費
  27,658千元，較上年度減列
  501千元。"
,,2,,,580200,區公所業務," 	42,041 "," 	35,347 "," 	6,694 ",
,,,1,,580201,業務管理," 	42,041 "," 	35,347 "," 	6,694 ","本年度預算數較上年度增列
6,694千元，包括：
1.區公所共同費用項目經費
  28,951千元，較上年度增列
  區里公共設施及環境改善等
  經費6,080千元。
2.辦理中央補助與回饋金業務
  經費9,149千元，較上年度
  增列700千元。
3.其他業務運作經費3,941千
  元，較上年度減列水電費及
  電腦設備修繕等經費86千元
  。"
,,4,,,706100,基層建設," 	4,300 "," 	6,064 ","-	1,764 ",
,,,1,,706101,小型工程," 	4,300 "," 	6,064 ","-	1,764 ","本年度編列項目如下:
1.修建6公尺以下巷道工程及
  小型排水溝工程3,800千元
  。
2.6公尺以下道路維護費500千
  元。"
,103,,,02103,,左營區公所," 	140,593 "," 	135,295 "," 	5,298 ",
,,1,,,580100,一般行政," 	91,193 "," 	90,469 ", 	724 ,
,,,1,,580101,行政管理," 	91,193 "," 	90,469 ", 	724 ,"本年度預算數之內容與上年度
之比較如下：
1.人員維持費61,870千元，較
  上年度核實增列人事費411
  千元。
2.基本行政工作維持費1,645
  千元，較上年度增列區長座
  車及車輛相關等經費533千
  元。
3.里鄰長及里幹事相關經費
  27,678千元，較上年度減列
  220千元。"
,,2,,,580200,區公所業務," 	46,630 "," 	40,906 "," 	5,724 ",
,,,1,,580201,業務管理," 	46,630 "," 	40,906 "," 	5,724 ","本年度預算數較上年度增列
5,724千元，包括：
1.區公所共同費用項目經費
  30,462千元，較上年度增列
  區里公共設施及環境改善等
  經費6,369千元。
2.辦理中央補助與回饋金業務
  經費9,649千元，較上年度
  減列540千元。
3.其他業務運作經費6,519千
  元，較上年度減列電腦設備
  修繕及出差旅費等經費105
  千元。"
,,4,,,706100,基層建設," 	2,770 "," 	3,920 ","-	1,150 ",
,,,1,,706101,小型工程," 	2,770 "," 	3,920 ","-	1,150 ","本年度編列項目如下：
1.修建6公尺以下巷道工程及
  小型排水溝工程2,124千元
  。
2.6公尺以下道路維護費646千
  元。"
,104,,,02104,,楠梓區公所," 	141,559 "," 	137,525 "," 	4,034 ",
,,1,,,580100,一般行政," 	88,279 "," 	87,325 ", 	954 ,
,,,1,,580101,行政管理," 	88,279 "," 	87,325 ", 	954 ,"本年度預算數之內容與上年度
之比較如下:
1.人員維持費58,307千元，較
  上年度核實增列人事費388
  千元。
2.基本行政工作維持費1,901
  千元，較上年度增列區長座
  車等經費508千元。 
3.里鄰長及里幹事相關經費
  28,071千元，較上年度增列
  58千元。"
,,2,,,580200,區公所業務," 	47,360 "," 	41,840 "," 	5,520 ",
,,,1,,580201,業務管理," 	47,360 "," 	41,840 "," 	5,520 ","本年度預算數較上年度增列
5,520千元，包括：
1.區公所共同費用項目經費
  31,495千元，較上年度增列
  區里公共設施及環境改善等
  經費6,089千元。
2.辦理中央補助與回饋金業務
  經費11,549千元，較上年度
  減列500千元。
3.其他業務運作經費4,316千
  元，較上年度減列電腦設備
  及修繕等經費69千元。"
,,4,,,706100,基層建設," 	5,920 "," 	8,360 ","-	2,440 ",
,,,1,,706101,小型工程," 	5,920 "," 	8,360 ","-	2,440 ","本年度編列項目如下：
1.修建6公尺以下巷道工程及
  小型排水溝工程4,920千元
  。
2.6公尺以下道路維護費
  1,000千元。"
,105,,,02105,,三民區公所," 	255,496 "," 	246,959 "," 	8,537 ",
,,1,,,580100,一般行政," 	160,557 "," 	160,942 ",-	385 ,
,,,1,,580101,行政管理," 	160,557 "," 	160,942 ",-	385 ,"本年度預算數之內容與上年度
之比較如下:
1.人員維持費95,346千元，較
  上年度核實增列人事費634
  千元。
2.基本行政工作維持費2,215
  千元與上年度同。
3.里鄰長及里幹事相關經費
  62,996千元，較上年度減列
  1,019千元。"
,,2,,,580200,區公所業務," 	80,599 "," 	72,827 "," 	7,772 ",
,,,1,,580201,業務管理," 	80,599 "," 	72,827 "," 	7,772 ","本年度預算數較上年度增列
7,772千元，包括：
1.區公所共同費用項目經費
  68,262千元，較上年度增列
  區里公共設施及環境改善等
  經費13,483千元。 
2.辦理中央補助與回饋金業務
  經費4,899千元，較上年度
  減列5,550千元。
3.其他業務運作經費7,438千
  元，較上年度減列電腦設備
  修繕等經費161千元。
"
,,4,,,706100,基層建設," 	14,340 "," 	13,190 "," 	1,150 ",
,,,1,,706101,小型工程," 	14,340 "," 	13,190 "," 	1,150 ","本年度編列項目如下：
1.修建6公尺以下巷道工程及
  小型排水溝工程8,110千元。
2.6公尺以下道路維護費990
  千元。
3.德北十全十美聯合里活動中
  心建物隔音補強工程440千
  元。
4.寶珠溝客家社團傳習所環境
  改造設計暨工程4,800千元。"
,106,,,02106,,新興區公所," 	97,409 "," 	92,559 "," 	4,850 ",
,,1,,,580100,一般行政," 	70,354 "," 	70,090 ", 	264 ,
,,,1,,580101,行政管理," 	70,354 "," 	70,090 ", 	264 ,"本年度預算數之內容與上年度
之比較如下：
1.人員維持費46,175千元，較
  上年度核實增列人事費307
  千元。
2.基本行政工作維持費1,101
  千元，較上年度減列車輛相
  關等經費1千元。
3.里鄰長及里幹事相關經費
  23,078千元，較上年度減列
  42千元。"
,,2,,,580200,區公所業務," 	25,555 "," 	20,349 "," 	5,206 ",
,,,1,,580201,業務管理," 	25,555 "," 	20,349 "," 	5,206 ","本年度預算數較上年度增列
5,206千元，包括：
1.區公所共同費用項目經費
  19,866千元，較上年度增列
  區里公共設施及環境改善等
  經費5,231千元。
2.其他業務運作經費5,240千
  元，較上年度減列電腦修繕
  及設施維護等經費25千元。"
,,4,,,706100,基層建設," 	1,500 "," 	2,120 ",-	620 ,
,,,1,,706101,小型工程," 	1,500 "," 	2,120 ",-	620 ,"本年度編列項目如下：
1.修建6公尺以下巷道工程及
  小型排水溝工程987千元。 
2.6公尺以下道路維護費513千
  元。"
,107,,,02107,,前金區公所," 	69,151 "," 	62,934 "," 	6,217 ",
,,1,,,580100,一般行政," 	51,339 "," 	50,067 "," 	1,272 ",
,,,1,,580101,行政管理," 	51,339 "," 	50,067 "," 	1,272 ","本年度預算數之內容與上年度
之比較如下：
1.人員維持費34,598千元，較
  上年度核實增列人事費230
  千元。
2.基本行政工作維持費1,293
  千元，較上年度增列區長座
  車及車輛相關經費552千元
  。
3.里鄰長及里幹事相關經費
  15,448千元，較上年度增列
  490千元。"
,,2,,,580200,區公所業務," 	14,847 "," 	11,491 "," 	3,356 ",
,,,1,,580201,業務管理," 	14,847 "," 	11,491 "," 	3,356 ","本年度預算數較上年度增列
3,356千元，包括：
1.區公所共同費用項目經費
  12,028千元，較上年度增列
  區里公共設施及環境改善等
  經費3,468千元。
2.其他業務運作經費2,520千
  元，較上年度減列水電費及
  電腦設備修繕等經費112千
  元。"
,,3,,,586100,廳舍興建與充實設備," 	1,965 ", 	-00 ," 	1,965 ",
,,,1,,586101,廳舍修建," 	1,965 ", 	-00 ," 	1,965 ","本年度編列行政中心五樓頂漏
水整修工程費1,965千元。  "
,,4,,,706100,基層建設," 	1,000 "," 	1,376 ",-	376 ,
,,,1,,706101,小型工程," 	1,000 "," 	1,376 ",-	376 ,"本年度編列項目如下：
1.修建6公尺以下巷道工程800
  千元。
2.6公尺以下道路維護費200千
  元。
"
,108,,,02108,,苓雅區公所," 	205,314 "," 	196,810 "," 	8,504 ",
,,1,,,580100,一般行政," 	127,898 "," 	126,938 ", 	960 ,
,,,1,,580101,行政管理," 	127,898 "," 	126,938 ", 	960 ,"本年度預算數之內容與上年度
之比較如下：
1.人員維持費74,187千元，較
  上年度核實增列人事費493
  千元。
2.基本行政工作維持費2,188
  千元，較上年度增列區長座
  車及車輛相關等經費555千
  元。
3.里鄰長及里幹事相關經費
  51,523千元，較上年度減列
  88千元。"
,,2,,,580200,區公所業務," 	70,416 "," 	59,912 "," 	10,504 ",
,,,1,,580201,業務管理," 	70,416 "," 	59,912 "," 	10,504 ","本年度預算數較上年度增列
10,504千元，包括：
1.區公所共同費用項目經費
  50,445千元，較上年度增列
  區里公共設施及環境改善等
  經費11,220千元。
2.辦理中央補助與及回饋金業
  務經費15,449千元，較上年
  度減列610千元。
3.其他業務運作經費4,522千
  元，較上年度減列水電費及
  電腦設備修繕等經費106千  
  元。"
,,4,,,706100,基層建設," 	7,000 "," 	9,960 ","-	2,960 ",
,,,1,,706101,小型工程," 	7,000 "," 	9,960 ","-	2,960 ","本年度編列項目如下：
1.修建6公尺以下巷道工程及
  小型排水溝工程5,923千元
  。
2.6公尺以下道路維護費   
  1,077千元。"
,109,,,02109,,前鎮區公所," 	222,891 "," 	206,048 "," 	16,843 ",
,,1,,,580100,一般行政," 	115,764 "," 	115,329 ", 	435 ,
,,,1,,580101,行政管理," 	115,764 "," 	115,329 ", 	435 ,"本年度預算數之內容與上年度
之比較如下：
1.人員維持費70,628千元，較
  上年度核實增列人事費470
  千元。
2.基本行政工作維持費1,345
  千元，較上年度增列車輛相
  關等經費55千元。
3.里鄰長及里幹事相關經費
  43,791千元，較上年度減列
  90千元。"
,,2,,,580200,區公所業務," 	96,653 "," 	76,775 "," 	19,878 ",
,,,1,,580201,業務管理," 	96,653 "," 	76,775 "," 	19,878 ","本年度預算數較上年度增列
19,878千元，包括：
1.區公所共同費用項目經費
  50,300千元，較上年度增列
  區里公共設施及環境改善等
  經費9,644千元。
2.辦理中央補助與回饋金業務
  經費39,549千元，較上年度
  增列8,100千元。
3.其他業務運作經費6,804千
  元，較上年度增列電梯汰換
  等經費2,134千元。"
,,3,,,586100,廳舍興建與充實設備," 	6,124 "," 	7,800 ","-	1,676 ",
,,,1,,586101,廳舍修建," 	6,124 "," 	7,800 ","-	1,676 ","本年度編列項目如下：
1.歸墊國宅基金代為興建竹西
  里活動中心本金與墊款息
  5,000千元。
2.歸墊興建君毅正勤社區里活
  動中心房屋款1,124千元。"
,,4,,,706100,基層建設," 	4,350 "," 	6,144 ","-	1,794 ",
,,,1,,706101,小型工程," 	4,350 "," 	6,144 ","-	1,794 ","本年度編列項目如下：
1.修建6公尺以下巷道工程及
  小型排水溝工程3,355千元
  。
2.6公尺以下道路維護費995千
  元。"
,110,,,02110,,旗津區公所," 	54,002 "," 	51,247 "," 	2,755 ",
,,1,,,580100,一般行政," 	39,072 "," 	38,877 ", 	195 ,
,,,1,,580101,行政管理," 	39,072 "," 	38,877 ", 	195 ,"本年度預算數之內容與上年度之比較如下：
1.人員維持費29,323千元，較
  上年度核實增列人事費195
　千元。
2.基本行政工作維持費716千
  元與上年度同。
3.里鄰長及里幹事相關經費
  9,033千元與上年度同。"
,,2,,,580200,區公所業務," 	13,220 "," 	10,626 "," 	2,594 ",
,,,1,,580201,業務管理," 	13,220 "," 	10,626 "," 	2,594 ","本年度預算數較上年度增列2,594千元，包括：
1.區公所共同費用項目經費
  8,766千元，較上年度增列
  區里公共設施及環境改善費
  等經費1,897千元。
2.辦理中央補助與回饋金業務
  經費1,049千元，較上年度
  增列750千元。
3.其他業務運作經費3,405千
  元，較上年度減列設施及機
  械設備養護等經費53千元。"
,,3,,,586100,廳舍興建與充實設備, 	460 , 	-00 , 	460 ,
,,,1,,586101,廳舍修建, 	460 , 	-00 , 	460 ,本年度編列眷屬宿舍拆除工程460千元。
,,4,,,706100,基層建設," 	1,250 "," 	1,744 ",-	494 ,
,,,1,,706101,小型工程," 	1,250 "," 	1,744 ",-	494 ,"本年度編列項目如下：
1.修建6公尺以下巷道工程及
  小型排水溝工程1,160千元。
2.6公尺以下道路維護費90千
  元。"
,111,,,02111,,小港區公所," 	280,229 "," 	334,766 ","-	54,537 ",
,,1,,,580100,一般行政," 	88,917 "," 	88,500 ", 	417 ,
,,,1,,580101,行政管理," 	88,917 "," 	88,500 ", 	417 ,"本年度預算數之內容與上年度
之比較如下：
1.人員維持費61,526千元，較
  上年度核實增列人事費409
  千元。
2.基本行政工作維持費1,819
  千元與上年度同。
3.里鄰長及里幹事相關經費
  25,572千元，較上年度增列
  8千元。"
,,2,,,580200,區公所業務," 	167,162 "," 	147,907 "," 	19,255 ",
,,,1,,580201,業務管理," 	167,162 "," 	147,907 "," 	19,255 ","本年度預算數較上年度增列
19,255千元，包括：
1.區公所共同費用項目經費
  28,462千元，較上年度增列
  區里公共設施及環境改善等
  經費6,280千元。
2.辦理中央補助與回饋金業務
  經費133,386千元，較上年
  度增列13,027千元。
3.其他業務運作經費5,314千
  元，較上年度減列電腦設備
  修繕及設施維護等經費52千
  元。"
,,3,,,586100,廳舍興建與充實設備," 	3,600 "," 	14,000 ","-	10,400 ",
,,,1,,586101,廳舍修建," 	3,600 "," 	14,000 ","-	10,400 ","本年度編列台電促協金捐助辦
理基層公共建設等3,600千元。"
,,4,,,706100,基層建設," 	20,550 "," 	84,359 ","-	63,809 ",
,,,1,,706101,小型工程," 	20,550 "," 	84,359 ","-	63,809 ","本年度編列項目如下﹕
1.修建6公尺以下巷道工程及
  小型排水溝工程4,250千元。
2.經濟部水利署捐助辦理水資
  源保育、排水、道路相關工
  程900千元。
3.台電電協會發電促協金捐助
  辦理基層公共建設等15,400
  千元。"
,112,,,02112,,鳳山區公所," 	301,396 "," 	287,297 "," 	14,099 ",
,,1,,,580100,一般行政," 	167,861 "," 	167,379 ", 	482 ,
,,,1,,580101,行政管理," 	167,861 "," 	167,379 ", 	482 ,"本年度預算數之內容與上年度
之比較如下：
1.人員維持費100,999千元，
  較上年度核實增列人事費
  費672千元。
2.基本行政工作維持費6,198
  千元，較上年度增列歷史
  檔案管理等經費44千元。
3.里鄰長及里幹事相關經費
  60,664千元，較上年度減
  列234千元。"
,,2,,,580200,區公所業務," 	118,435 "," 	98,326 "," 	20,109 ",
,,,1,,580201,業務管理," 	118,435 "," 	98,326 "," 	20,109 ","本年度預算數較上年度增列
20,109千元，包括：
1.區公所共同費用項目經費
  75,773千元，較上年度增
  列區里公共設施及環境改
  善等經費11,561千元。
2.辦理中央補助與回饋金業
  務經費9,199千元，較上 
  年度增列8,750千元。
3.其他業務運作經費33,463
  千元，較上年度減列水電
  等經費202千元。"
,,4,,,706100,基層建設," 	15,100 "," 	21,592 ","-	6,492 ",
,,,1,,706101,小型工程," 	15,100 "," 	21,592 ","-	6,492 ","本年度編列項目如下：
1.修建6公尺以下巷道工程
  及小型排水溝工程
  10,100千元。
2.6公尺以下道路維護費
  5,000千元。"
,113,,,02113,,林園區公所," 	239,345 "," 	225,007 "," 	14,338 ",
,,1,,,580100,一般行政," 	71,326 "," 	71,312 ", 	14 ,
,,,1,,580101,行政管理," 	71,326 "," 	71,312 ", 	14 ,"本年度預算數之內容較上年度
之比較如下：
1.人員維持費49,722千元與上
  年度同。
2.基本行政工作維持費5,002
  千元，較上年度減列稅捐及
  規費等經費52千元。
3.里鄰長及里幹事相關經費
  16,602千元，較上年度增列
  66千元。"
,,2,,,580200,區公所業務," 	162,319 "," 	145,535 "," 	16,784 ",
,,,1,,580201,業務管理," 	162,319 "," 	145,535 "," 	16,784 ","本年度預算數較上年度增列
16,784千元，包括：
1.區公所共同費用項目經費
  21,240千元，較上年度增列
  區里公共設施及環境改善等
  經費4,583千元。
2.辦理中央補助與回饋金業務
  經費132,117千元，較上年
  度增列12,236千元。  
3.其他業務運作經費8,962千
  元，較上年度減列電腦設備
  修繕及設施維護等經費35千
  元。"
,,4,,,706100,基層建設," 	5,700 "," 	8,160 ","-	2,460 ",
,,,1,,706101,小型工程," 	5,700 "," 	8,160 ","-	2,460 ","本年度編列修建6公尺以下巷道工程及小型排水溝工程5,700千元。"
,114,,,02114,,大寮區公所," 	172,156 "," 	172,785 ",-	629 ,
,,1,,,580100,一般行政," 	87,990 "," 	87,667 ", 	323 ,
,,,1,,580101,行政管理," 	87,990 "," 	87,667 ", 	323 ,"本年度預算數之內容與上年度
之比較如下：
1.人員維持費66,026千元，
  較上年度核實增列人事費
  439千元。
2.基本行政工作維持費
  4,045千元，較上年度減列
  文具紙張等經費41千元。
3.里鄰長及里幹事相關經費
  17,919千元，較上年度減列
  75千元。"
,,2,,,580200,區公所業務," 	72,166 "," 	68,318 "," 	3,848 ",
,,,1,,580201,業務管理," 	72,166 "," 	68,318 "," 	3,848 ","本年度預算數較上年度增列
3,848千元，包括：
1.區公所共同費用項目經費
  27,432千元，較上年度增列
  區里公共設施及環境改善等
  經費3,983千元。
2.辦理中央補助與回饋金業務
  經費31,689千元，較上年度
  減列100千元。
3.其他業務運作經費13,045千
  元，較上年度減列關懷據點
  及社區老人業務等經費35千
  元。"
,,4,,,706100,基層建設," 	12,000 "," 	16,800 ","-	4,800 ",
,,,1,,706101,小型工程," 	12,000 "," 	16,800 ","-	4,800 ","本年度編列項目如下：
1.修建6公尺以下巷道工程
  9,000千元。
2.6公尺以下道路維護費
  3,000千元。"
,115,,,02115,,大樹區公所," 	111,552 "," 	108,429 "," 	3,123 ",
,,1,,,580100,一般行政," 	62,675 "," 	62,742 ",-	67 ,
,,,1,,580101,行政管理," 	62,675 "," 	62,742 ",-	67 ,"本年度預算之內容與上年度之比較如下：
1.人員維持費48,866千元，較
  上年度核實減列人事費13千
  元。
2.基本行政工作維持1,668千元
  ，較上年度減列車輛相關等
  經費49千元。
3.里鄰長及里幹事相關經費
　12,141千元，較上年度減列
  5千元。"
,,2,,,580200,區公所業務," 	42,577 "," 	36,783 "," 	5,794 ",
,,,1,,580201,業務管理," 	42,577 "," 	36,783 "," 	5,794 ","本年度預算數較上年度增列5,794千元，包括：
1.區公所共同費用項目經費
　15,132千元，較上年度增列
  區里公共設施及環境改善等
  經費3,083千元。
2.辦理中央補助與回饋金業務
  經費19,765千元，較上年度
  增列780千元。
3.其他業務運作經費7,680千元
  ，較上年度增列新建行政中
  心規劃設計等經費1,931千元。 "
,,4,,,706100,基層建設," 	6,300 "," 	8,904 ","-	2,604 ",
,,,1,,706101,小型工程," 	6,300 "," 	8,904 ","-	2,604 ","本年度編列修建6公尺以下巷道工程及小型排水溝工程6,300千元。"
,116,,,02116,,大社區公所," 	73,816 "," 	73,653 ", 	163 ,
,,1,,,580100,一般行政," 	39,808 "," 	39,616 ", 	192 ,
,,,1,,580101,行政管理," 	39,808 "," 	39,616 ", 	192 ,"本年度預算數之內容與上年度
之比較如下：
1.人員維持費31,369千元，較
  上年度核實增列人事費201
  千元。
2.基本行政工作維持費1,986
  千元，較上年度減列里政資
  訊電腦及週邊設備修繕經費
   9千元。
3.里鄰長及里幹事相關經費
   6,453千元與上年度同。"
,,2,,,580200,區公所業務," 	30,008 "," 	28,373 "," 	1,635 ",
,,,1,,580201,業務管理," 	30,008 "," 	28,373 "," 	1,635 ","本年度預算數較上年度增列
1,635千元，包括：
1.區公所共同費用項目經費
   7,543千元，較上年度增列
  區里公共設施及環境改善等
  經費1,683千元。
2.辦理中央補助與回饋金業務
  經費 8,769千元，較上年度
  減列48千元。
3.其他業務運作經費13,696千
  元與上年度同。"
,,4,,,706100,基層建設," 	4,000 "," 	5,664 ","-	1,664 ",
,,,1,,706101,小型工程," 	4,000 "," 	5,664 ","-	1,664 ","本年度編列項目如下：
1.修建6公尺以下巷道工程及
  小型排水溝工程3,000千元。
2.6公尺以下道路維護費1,000
  千元。"
,117,,,02117,,仁武區公所," 	105,977 "," 	107,054 ","-	1,077 ",
,,1,,,580100,一般行政," 	67,409 "," 	67,356 ", 	53 ,
,,,1,,580101,行政管理," 	67,409 "," 	67,356 ", 	53 ,"本年度預算數之內容與上年度
之比較如下：
1. 人員維持費42,596千元，
   較上年度核實增列人事費
   264千元。
2. 基本行政工作維持費
   13,481千元，較上年度減
   列臨時人員酬金等經費
   211千元。
3. 里鄰長及里幹事相關經費
   11,332千元與上年度同。"
,,2,,,580200,區公所業務," 	31,868 "," 	30,202 "," 	1,666 ",
,,,1,,580201,業務管理," 	31,868 "," 	30,202 "," 	1,666 ","本年度預算數較上年度增列
1,666千元，包括：
1. 區公所共同費用項目經費
   15,344千元，較上年度增
   列區里公共設施及環境改
   善等經費2,871千元。
2. 辦理中央補助與回饋金業
   務經費11,144千元，較上
   年度減列900千元。
3. 其他業務運作經費5,380
   千元，較上年度減列水電
   費及國內旅費等經費305
   千元。"
,,4,,,706100,基層建設," 	6,700 "," 	9,496 ","-	2,796 ",
,,,1,,706101,小型工程," 	6,700 "," 	9,496 ","-	2,796 ","本年度編列項目如下：
1. 修建6公尺以下巷道工程
   4,600千元。
2. 6公尺以下道路維護費
   2,100千元。"
,118,,,02118,,鳥松區公所," 	66,084 "," 	67,396 ","-	1,312 ",
,118,1,,,580100,一般行政," 	39,624 "," 	39,406 ", 	218 ,
,,,1,,580101,行政管理," 	39,624 "," 	39,406 ", 	218 ,"本年度預算數之內容與上年度
之比較如下:
1.人員維持費32,907千元，較
  上年度核實增列人事費218千
  元。
2.基本行政工作維持費1,576千
  元與上年度同。
3.里鄰長及里幹事相關經費
  5,141千元與上年度同。"
,,2,,,580200,區公所業務," 	22,610 "," 	22,550 ", 	60 ,
,,,1,,580201,業務管理," 	22,610 "," 	22,550 ", 	60 ,"本年度預算數較上年度增列60
千元，包括：
1.區公所共同費用項目經費
  7,587千元，較上年度增列
  區里公共設施及環境改善等
  經費1,225千元。
2.其他業務運作經費14,724千
  元,較上年度減列業務助理3
  人之薪資等經費1,165千元
  。  "
,,4,,,706100,基層建設," 	3,850 "," 	5,440 ","-	1,590 ",
,,,1,,706101,小型工程," 	3,850 "," 	5,440 ","-	1,590 ","本年度編列項目如下：
1.修建6公尺以下巷道工程及小
  型排水溝工程2,650千元。
2.6公尺以下道路維護費
  1,200千元。"
,119,,,02119,,岡山區公所," 	163,211 "," 	160,411 "," 	2,800 ",
,,1,,,580100,一般行政," 	97,720 "," 	98,191 ",-	471 ,
,,,1,,580101,行政管理," 	97,720 "," 	98,191 ",-	471 ,"本年度預算數之內容與上年度
之比較如下：
1.人員維持費69,652千元，較
  上年度核實增列人事費452
  千元。
2.基本行政工作維持費6,075
  千元，較上年度減列業務助
  理等經費933千元。
3.里鄰長及里幹事相關經費
  21,993千元，較上年度增列
  10千元。"
,,2,,,580200,區公所業務," 	56,391 "," 	49,380 "," 	7,011 ",
,,,1,,580201,業務管理," 	56,391 "," 	49,380 "," 	7,011 ","本年度預算數較上年度預算數
增列7,011千元，包括：
1.區公所共同費用項目經費
  22,863千元，較上年度增列
  區里公共設施及環境改善等
  經費5,583千元。
2.辦理中央補助與回饋金業務
  經費16,321千元，較上年度
  增列1,994千元。
3.其他業務運作經費17,207千
  元，較上年度減列業務助理
  等經費566千元。"
,,4,,,706100,基層建設," 	9,100 "," 	12,840 ","-	3,740 ",
,,,1,,706101,小型工程," 	9,100 "," 	12,840 ","-	3,740 ","本年度編列項目如下：
1.修建6公尺以下巷道工程
  及小型排水溝工程4,350
  千元。
2.6公尺以下道路維護費
  4,750千元。"
,120,,,02120,,橋頭區公所," 	80,158 "," 	78,941 "," 	1,217 ",
,,1,,,580100,一般行政," 	54,772 "," 	54,706 ", 	66 ,
,,,1,,580101,行政管理," 	54,772 "," 	54,706 ", 	66 ,"本年度預算數之內容與上年度
之比較如下：
1.人員維持費40,636千元，較
  上年度核實增列人事費265
  千元。
2.基本行政工作維持費2,200
  千元，較上年度減列業務助
  理等經費214千元。
3.里鄰長及里幹事相關經費
  11,936千元，較上年度增列
  15千元。   "
,,2,,,580200,區公所業務," 	20,086 "," 	16,803 "," 	3,283 ",
,,,1,,580201,業務管理," 	20,086 "," 	16,803 "," 	3,283 ","本年度預算數較上年度增列
3,283千元：
1.區公所共同費用項目經費
  14,391千元，較上年度增
  列區里公共設施及環境改
  善等經費2,883千元。
2.辦理中央補助與回饋金業
  務經費399千元，較上年
  度減列48千元。
3.其他業務運作經費5,296
  千元，較上年度增列甲圍
  公園土地租金等經費448
  千元。"
,,4,,,706100,基層建設," 	5,300 "," 	7,432 ","-	2,132 ",
,,,1,,706101,小型工程," 	5,300 "," 	7,432 ","-	2,132 ","本年度編列項目如下：
1.修建6公尺以下巷道工程
  及小型排水溝工程1,986
  千元。
2.6公尺以下道路維護費
  3,314千元。"
,121,,,02121,,燕巢區公所," 	75,653 "," 	78,936 ","-	3,283 ",
,,1,,,580100,一般行政," 	52,359 "," 	52,427 ",-	68 ,
,,,1,,580101,行政管理," 	52,359 "," 	52,427 ",-	68 ,"本年度預算數之內容與上年度
之比較如下：
1.人員維持費40,923千元，較
  上年度核實增列人事費258
  千元。
2.基本行政工作維持費4,495
  千元，較上年度減列臨時人
  員酬金等經費334千元。
3.里鄰長及里幹事相關經費
  6,941千元，較上年度增列
  8千元。"
,,2,,,580200,區公所業務," 	19,194 "," 	20,749 ","-	1,555 ",
,,,1,,580201,業務管理," 	19,194 "," 	20,749 ","-	1,555 ","本年度預算數較上年度減列
1,555千元，包括：
1.區公所共同費用項目經費
  11,067千元，較上年度增
  列區里公共設施及環境改
  善等經費1,812千元。
2.辦理中央補助與回饋金業
  務經費2,821千元，較上
  年度減列3,570千元。
3.其他業務運作經費5,306
  千元，較上年度增列房屋
  建築及設備等經費203千
  元。"
,,4,,,706100,基層建設," 	4,100 "," 	5,760 ","-	1,660 ",
,,,1,,706101,小型工程," 	4,100 "," 	5,760 ","-	1,660 ","本年度編列項目如下：
1.修建6公尺以下巷道工程
  3,100千元。
2.6公尺以下道路維護費
  1,000千元。"
,122,,,02122,,田寮區公所," 	51,408 "," 	53,468 ","-	2,060 ",
,,1,,,580100,一般行政," 	35,195 "," 	35,021 ", 	174 ,
,,,1,,580101,行政管理," 	35,195 "," 	35,021 ", 	174 ,"本年度預算數之內容與上年度
之比較如下：
1.人員維持費28,174千元，較
  上年度核實增列人事費184
  千元。
2.基本行政工作維持費906千
  元與上年度同。
3.里鄰長及里幹事相關經費
  6,115千元，較上年度減列10
  千元。"
,,2,,,580200,區公所業務," 	11,713 "," 	12,127 ",-	414 ,
,,,1,,580201,業務管理," 	11,713 "," 	12,127 ",-	414 ,"本年度預算數較上年度減列414千元，包括:
1.區公所共同費用項目經費
  6,583千元，較上年度增列
  區里公共設施及環境改善等
  經費1,583千元。
2.辦理中央補助與回饋金業務
  經費1,470千元，較上年度減
  列1,699千元。
3.其他業務運作經費3,660千元
  ，較上年度減列電腦設備修
  繕及設施維護等經費298千元
  。"
,,4,,,706100,基層建設," 	4,500 "," 	6,320 ","-	1,820 ",
,,,1,,706101,小型工程," 	4,500 "," 	6,320 ","-	1,820 ","本年度編列項目如下:
1.修建6公尺以下巷道工程及小
  型排水溝工程3,600千元。
2.6公尺以下道路維護費900千
  元。"
,123,,,02123,,阿蓮區公所," 	75,576 "," 	74,162 "," 	1,414 ",
,,1,,,580100,一般行政," 	46,975 "," 	46,814 ", 	161 ,
,,,1,,580101,行政管理," 	46,975 "," 	46,814 ", 	161 ,"本年度預算數之內容與上年度
之比較如下:
1.人員維持費38,157千元，較
  上年度核實增列人事費246
  千元。  
2.基本行政工作維持費1,338
  千元，較上年度減列車輛相
  關等經費58千元。
3.里鄰長及里幹事相關經費
  7,480千元，較上年度減列
  27千元。"
,,2,,,580200,區公所業務," 	23,051 "," 	19,508 "," 	3,543 ",
,,,1,,580201,業務管理," 	23,051 "," 	19,508 "," 	3,543 ","本年度預算數較上年度增列
3,543千元，包括：
1.區公所共同費用項目經費  
  11,033千元，較上年度增列
  區里公共設施及環境改善等
  經費2,183千元。
2.辦理中央補助與回饋金業務
  經費1,660千元，較上年度
  增列1,660千元。
3.其他業務運作經費10,358千
  元，較上年度減列業務助理
  等經費300千元。"
,,4,,,706100,基層建設," 	5,550 "," 	7,840 ","-	2,290 ",
,,,1,,706101,小型工程," 	5,550 "," 	7,840 ","-	2,290 ","本年度編列項目如下：
1.修建6公尺以下巷道工程
  2,194千元。
2.6公尺以下道路維護費3,356
  千元。"
,124,,,02124,,路竹區公所," 	139,652 "," 	150,180 ","-	10,528 ",
,,1,,,580100,一般行政," 	65,613 "," 	65,330 ", 	283 ,
,,,1,,580101,行政管理," 	65,613 "," 	65,330 ", 	283 ,"本年度預算數之內容與上年度
之比較如下：
1. 人員維持費50,786千元，較
   上年度核實增列人事費337
   千元。
2. 基本行政工作維持費2,087
   千元，較上年度減列退休人
   員三節慰問金84千元。
3. 里鄰長及里幹事相關經費
   12,740千元，較上年度增列
   30千元。"
,,2,,,580200,區公所業務," 	56,679 "," 	65,084 ","-	8,405 ",
,,,1,,580201,業務管理," 	56,679 "," 	65,084 ","-	8,405 ","本年度預算數較上年度減列
8,405千元，包括：
1. 區公所共同費用項目經費
   16,349千元，較上年度增列
   區里公共設施及環境改善等
   經費3,756千元。
2. 辦理中央補助與回饋金業務
   經費25,875千元，較上年度
   增列5千元。
3. 其他業務運作經費14,455千
   元，較上年度減列土地徵收
   利息補償救濟金等經費
   12,166千元。"
,,4,,,706100,基層建設," 	17,360 "," 	19,766 ","-	2,406 ",
,,,1,,706101,小型工程," 	17,360 "," 	19,766 ","-	2,406 ","本年度編列項目如下： 
1. 修建6公尺以下巷道工程
   3,213千元。
2. 6公尺以下道路維護費3,587
   千元。
3. 台電電協會105年度發電年
   度促協金捐助本區轄內道路
   、排水溝工程及公共設施養
   護8,396千元。
4. 台電電協會105年度輸變電
   促協金捐助本區轄內道路排
   水溝工程及公共設施養護等
   1,862千元。
5. 台電電協會105年度輸變電
   促協金捐助後鄉里道路排水
   溝工程及公共設施養護
   302千元。"
,125,,,02125,,湖內區公所," 	81,870 "," 	80,955 ", 	915 ,
,,1,,,580100,一般行政," 	44,760 "," 	44,897 ",-	137 ,
,,,1,,580101,行政管理," 	44,760 "," 	44,897 ",-	137 ,"本年度預算數之內容與上年度
之比較如下：
1.人員維持費30,472千元，較
  上年度核實增列人事費202千
  元。
2.基本行政工作維持費4,884
  千元，較上年度減列業務助
  理及車輛相關等經費336千
  元。
3.里鄰長及里幹事相關經費
  9,404千元，較上年度減列
  3千元。"
,,2,,,580200,區公所業務," 	32,660 "," 	29,762 "," 	2,898 ",
,,,1,,580201,業務管理," 	32,660 "," 	29,762 "," 	2,898 ","本年度預算數較上年度預算數
增列2,898千元，包括：
1.區公所共同費用項目經費
  10,995千元，較上年度增列
  區里公共設施及環境改善等
  經費2,583千元。
2.辦理中央補助與回饋金業務
  經費16,799千元，較上年度
  減列348千元。 
3.其他業務運作經費4,866千元
  ，較上年度增列提撥湖東活
  動中心管理基金及新購機車
  等經費663千元。"
,,4,,,706100,基層建設," 	4,450 "," 	6,296 ","-	1,846 ",
,,,1,,706101,小型工程," 	4,450 "," 	6,296 ","-	1,846 ","本年度編列項目如下：
1.修建6公尺以下巷道工程
  及小型排水溝工程3,000
  千元。
2.6公尺以下道路維護費
  1,450千元。"
,126,,,02126,,茄萣區公所," 	165,758 "," 	154,173 "," 	11,585 ",
,,1,,,580100,一般行政," 	52,886 "," 	52,662 ", 	224 ,
,,,1,,580101,行政管理," 	52,886 "," 	52,662 ", 	224 ,"本年度預算數之內容較上年度
之比較如下：
1.人員維持費37,589千元，較
  上年度核實增列人事費250
  千元。
2.基本行政工作維持費3,818
  千元，較上年度減列車輛相
  關等經費23千元。
3.里鄰長及里幹事相關經費
  11,479千元，較上年度減列
  3千元。"
,,2,,,580200,區公所業務," 	109,772 "," 	97,111 "," 	12,661 ",
,,,1,,580201,業務管理," 	109,772 "," 	97,111 "," 	12,661 ","本年度預算數較上年度增列
12,661千元，包括︰
1.區公所共同費用項目經費
  13,488千元，較上年度增列
  區里公共設施及環境改善等
  經費2,795千元。
2.辦理中央補助與回饋金業務
  經費90,826千元，較上年度
  增列9,903千元。
3.其他業務運作經費5,458千元
  ，較上年度減列電腦設備修
  繕及設施維護等經費37千元
  。"
,,4,,,706100,基層建設," 	3,100 "," 	4,400 ","-	1,300 ",
,,,1,,706101,小型工程," 	3,100 "," 	4,400 ","-	1,300 ","本年度編列修建6公尺以下巷道
工程及小型排水溝工程3,100千
元。"
,127,,,02127,,永安區公所," 	156,023 "," 	165,077 ","-	9,054 ",
,,1,,,580100,一般行政," 	32,324 "," 	32,254 ", 	70 ,
,,,1,,580101,行政管理," 	32,324 "," 	32,254 ", 	70 ,"本年度預算數之內容與上年度
之比較如下：
1.人員維持費23,990千元與上
  年度同。
2.基本行政工作維持費4,429
  千元，較上年度增列購置個
  人電腦等經費80千元。
3.里鄰長及里幹事相關經費
  3,905千元，較上年度減列
  10千元。"
,,2,,,580200,區公所業務," 	100,619 "," 	106,186 ","-	5,567 ",
,,,1,,580201,業務管理," 	100,619 "," 	106,186 ","-	5,567 ","本年度預算數較上年度減列
5,567千元，包括：
1.區公所共同費用項目經費
  3,855千元，較上年度增列
  區里公共設施及環境改善等
  經費1,083千元。
2.辦理中央補助與回饋金業務
  經費90,819千元，較上年度
  減列6,635千元。
3.其他業務運作經費5,945千
  元，較上年度減列通訊費等
  經費15千元。"
,,4,,,706100,基層建設," 	23,080 "," 	26,637 ","-	3,557 ",
,,,1,,706101,小型工程," 	23,080 "," 	26,637 ","-	3,557 ","本年度編列項目如下:
1.修建6公尺以下巷道工程及
  小型排水溝工程3,100千元
  。
2.6公尺以下道路維護費1,000
  千元。
3.回饋金捐助基層公共建設及
  附屬設施維護費18,980千元
  。"
,128,,,02128,,彌陀區公所," 	89,864 "," 	89,227 ", 	637 ,
,,1,,,580100,一般行政," 	43,755 "," 	43,776 ",-	21 ,
,,,1,,580101,行政管理," 	43,755 "," 	43,776 ",-	21 ,"本年度預算數之內容與上年
度之比較如下：
1.人員維持費34,888千元與
  上年度同。
2.基本行政工作維持費
  887千元，較上年度減列
  車輛相關等經費23千元。
3.里鄰長及里幹事相關經費
  7,980千元，較上年度增
  列2千元。"
,,2,,,580200,區公所業務," 	42,239 "," 	39,987 "," 	2,252 ",
,,,1,,580201,業務管理," 	42,239 "," 	39,987 "," 	2,252 ","本年度預算數較上年度增列
2,252千元，包括：
1.區公所共同費用項目經費
  9,658千元，較上年度增
  列區里公共設施及環境改
  善等經費2,283千元。
2.辦理中央補助與回饋金業
  務經費27,749千元，較上
  年度增列152千元。  
3.其他業務運作經費4,832
  千元，較上年度減列業務
  助理1名等經費183千元。"
,,4,,,706100,基層建設," 	3,870 "," 	5,464 ","-	1,594 ",
,,,1,,706101,小型工程," 	3,870 "," 	5,464 ","-	1,594 ","本年度編列項目如下:
1.修建6公尺以下巷道工程及
  小型排水溝工程3,010千元。
2.6公尺以下道路維護費
  860千元。"
,129,,,02129,,梓官區公所," 	70,517 "," 	69,623 ", 	894 ,
,,1,,,580100,一般行政," 	49,607 "," 	49,665 ",-	58 ,
,,,1,,580101,行政管理," 	49,607 "," 	49,665 ",-	58 ,"本年度預算數之內容與上年度
之比較如下:
1.人員維持費37,535千元與上
  年度同。
2.基本行政工作維持費
  2,304千元，較上年度減列
  保全及車輛相關等經費55千
  元。
3.里鄰長及里幹事相關經費
  9,768千元，較上年度減列
  3千元。"
,,2,,,580200,區公所業務," 	16,490 "," 	13,718 "," 	2,772 ",
,,,1,,580201,業務管理," 	16,490 "," 	13,718 "," 	2,772 ","本年度預算數較上年度增列
2,772千元，包括:
1.區公所共同費用項目經費
  11,912千元，較上年度增列
  區里公共設施及環境改善等
  經費2,583千元。
2.其他業務運作經費4,279千元
  ，較上年度增列檔案室搬遷
  及電腦軟硬設備等經費189
  千元。"
,,4,,,706100,基層建設," 	4,420 "," 	6,240 ","-	1,820 ",
,,,1,,706101,小型工程," 	4,420 "," 	6,240 ","-	1,820 ","本年度編列項目如下：
1.修建6公尺以下巷道工程
  3,320千元。
2.6公尺以下道路維護費
  1,100千元。"
,130,,,02130,,旗山區公所," 	118,570 "," 	113,372 "," 	5,198 ",
,,1,,,580100,一般行政," 	67,717 "," 	67,631 ", 	86 ,
,,,1,,580101,行政管理," 	67,717 "," 	67,631 ", 	86 ,"本年度預算數之內容與上年度之比較如下：
1.人員維持費51,013千元，較
  上年度核實增列317千元。
2.基本行政工作維持費2,536千
  元，較上年度減列業務助理
  人員薪資等經費307千元。
3.里鄰長及里幹事相關經費
  14,168千元，較上年度增
  列76千元。"
,,2,,,580200,區公所業務," 	43,953 "," 	36,077 "," 	7,876 ",
,,,1,,580201,業務管理," 	43,953 "," 	36,077 "," 	7,876 ","本年度預算數較上年度增列7,876千元，包括：
1.區公所共同費用項目經費
  15,847千元，較上年度增列
  區里公共設施及環境改善等
  經費3,583千元。
2.辦理中央補助與回饋金業務
　經費25,151千元，較上年度
　增列4,297千元。
3.其他業務運作經費2,955千元
  ，較上年度減列里政資訊電
  腦及週邊設備修繕等經費4千
  元。"
,,4,,,706100,基層建設," 	6,900 "," 	9,664 ","-	2,764 ",
,,,1,,706101,小型工程," 	6,900 "," 	9,664 ","-	2,764 ","本年度編列項目如下：
1.修建6公尺以下巷道工程及
  修建小型排水溝工程5,200
  千元。
2.6公尺以下道路維護費1,700
  千元。"
,131,,,02131,,美濃區公所," 	114,459 "," 	114,397 ", 	62 ,
,,1,,,580100,一般行政," 	64,578 "," 	64,586 ",-	8 ,
,,,1,,580101,行政管理," 	64,578 "," 	64,586 ",-	8 ,"本年度預算數之內容與上年度
之比較如下:
1.人員維持費51,081千元與上
  年度同。
2.基本行政工作維持費1,700
  千元，較上年度減列車輛
  相關等經費8千元。
3.里鄰長及里幹事相關經費
  11,797千元與上年度同。"
,,2,,,580200,區公所業務," 	44,381 "," 	41,995 "," 	2,386 ",
,,,1,,580201,業務管理," 	44,381 "," 	41,995 "," 	2,386 ","本年度預算數較上年度增列
2,386千元，包括：
1.區公所共同費用項目經費
  15,522千元，較上年度增
  列區里公共設施及環境改
  善等經費3,283千元。 
2.辦理中央補助與回饋金業
  務經費23,288千元，較上
  年度減列828千元。
3.其他業務運作經費5,571
  千元，較上年度減列郵資
  電話費等經費69千元。"
,,4,,,706100,基層建設," 	5,500 "," 	7,816 ","-	2,316 ",
,,,1,,706101,小型工程," 	5,500 "," 	7,816 ","-	2,316 ","本年度編列項目如下：
1.修建6公尺以下巷道工程
  3,000千元。
2.6公尺以下道路維護費
  2,500千元。"
,132,,,02132,,六龜區公所," 	182,093 "," 	78,056 "," 	104,037 ",
,,1,,,580100,一般行政," 	42,598 "," 	42,920 ",-	322 ,
,,,1,,580101,行政管理," 	42,598 "," 	42,920 ",-	322 ,"本年度預算數之內容與上年度
之比較如下:
1.人員維持費31,801千元與上
  年度同。
2.基本行政工作維持費2,923千
  元，較上年度減列車輛相關
  等經費300千元。
3.里鄰長及里幹事相關經費
  7,874千元，較上年度減列
  22千元。"
,,2,,,580200,區公所業務," 	50,900 "," 	24,336 "," 	26,564 ",
,,,1,,580201,業務管理," 	50,900 "," 	24,336 "," 	26,564 ","本年度預算數較上年度增列
26,564千元，包括:
1.區公所共同費用項目經費
  9,146千元較上年度增列區里
  公共設施及環境改善等經費
  1,883千元。
2.辦理中央補助與回饋金業務
  經費36,359千元，較上年度
  增列24,198千元。
3.其他業務運作經費5,395千元
  ，較上年度增列運輸設備等
  經費1,183千元及減列業務助
  理700千元。"
,,4,,,706100,基層建設," 	88,595 "," 	10,800 "," 	77,795 ",
,,,1,,706101,小型工程," 	88,595 "," 	10,800 "," 	77,795 ","本年度編列項目如下：
1.修建6公尺以下巷道工程及
  小型排水溝工程5,650千元。
2.6公尺以下道路維護費2,000
  千元。
3.荖濃溪新威大橋至六龜大橋
  及六龜大橋至東溪大橋河段
  疏濬作業費69,870千元。
4.轄區基礎建設11,075千元。"
,133,,,02133,,甲仙區公所," 	71,230 "," 	59,196 "," 	12,034 ",
,,1,,,580100,一般行政," 	32,741 "," 	32,720 ", 	21 ,
,,,1,,580101,行政管理," 	32,741 "," 	32,720 ", 	21 ,"本年度預算數之內容與上年度
之比較如下：
1.人員維持費26,840千元與上
  年度同。
2.基本行政工作維持費1,313
  千元，較上年度減列地價稅
  11千元。
3.里鄰長及里幹事相關經費
  4,588千元，較上年度增列
  32千元。"
,,2,,,580200,區公所業務," 	33,089 "," 	18,900 "," 	14,189 ",
,,,1,,580201,業務管理," 	33,089 "," 	18,900 "," 	14,189 ","本年度預算數較上年度增列
14,189千元，包括：
1.區公所共同費用項目經費
  4,721千元，較上年度增列
  區里公共設施及環境改善等
  經費1,183千元。
2.辦理中央補助與回饋金業務
  經費24,152千元，較年上年
  度增列13,013千元。
3.其他業務運作經費4,216千
  元，較上年度減列電腦設備
  修繕及設施維護等經費7千
  元。"
,,4,,,706100,基層建設," 	5,400 "," 	7,576 ","-	2,176 ",
,,,1,,706101,小型工程," 	5,400 "," 	7,576 ","-	2,176 ","本年度編列項目如下:
1.修建6公尺以下巷道工程及
  小型排水溝工程3,500千元
  。 
2.6公尺以下道路維護費1,900
  千元。"
,134,,,02134,,杉林區公所," 	59,590 "," 	55,525 "," 	4,065 ",
,,1,,,580100,一般行政," 	34,116 "," 	34,087 ", 	29 ,
,,,1,,580101,行政管理," 	34,116 "," 	34,087 ", 	29 ,"本年度預算數之內容與上年度之比較如下:
1.人員維持費28,109千元與上
  年度同。
2.基本行政工作維持費1,021千
  元，較上年度增列購置電腦
  及車輛相關等經費29千元。
3.里鄰長相關經費4,986千元
  與上年度同。"
,,2,,,580200,區公所業務," 	20,674 "," 	14,638 "," 	6,036 ",
,,,1,,580201,業務管理," 	20,674 "," 	14,638 "," 	6,036 ","本年度預算數較上年度預算數
增列6,036千元，包括:
1.區公所共同費用項目經費
  6,052千元，較上年度增列
  區里公共設施及環境改善
  等經費1,383千元。
2.辦理中央補助與回饋金業務
  經費11,294千元，較上年度
  增列3,771千元。
3.其他業務運作經費3,328千元
  ，較上年度增列大愛園區活
  動中心管理維護費用等882千
  元。"
,,4,,,706100,基層建設," 	4,800 "," 	6,800 ","-	2,000 ",
,,,1,,706101,小型工程," 	4,800 "," 	6,800 ","-	2,000 ","本年度編列項目如下：
1.修建6公尺以下巷道工程費
  3,280千元。
2.6公尺以下道路維護費
  1,520千元。"
,135,,,02135,,內門區公所," 	96,384 "," 	95,410 ", 	974 ,
,,1,,02135,580100,一般行政," 	47,179 "," 	47,040 ", 	139 ,
,,,1,,580101,行政管理," 	47,179 "," 	47,040 ", 	139 ,"本年度預算數之內容與上年度
之比較如下：
1.人員維持費34,822千元，較
  上年度核實增列人事費231
  千元。
2.基本行政工作維持費1,264
  千元，較上年度減列車輛相
  關等經費74千元。
3.里鄰長及里幹事相關經費
  11,093千元，較上年度減列
  18千元。"
,,2,,,580200,區公所業務," 	43,025 "," 	39,642 "," 	3,383 ",
,,,1,,580201,業務管理," 	43,025 "," 	39,642 "," 	3,383 ","本年度預算數較上年度增列
3,383千元，包括：
1.區公所共同費用項目經費
  9,753千元，較上年度增列
  區里公共設施及環境改善等
  經費3,083千元。
2.辦理中央補助與回饋金業務
  經費28,827千元，較上年度
  增列378千元。
3.其他業務運作經費4,445千
  元，較上年度減列電腦設備
  修繕及設施維護等經費78千
  元。"
,,4,,,706100,基層建設," 	6,180 "," 	8,728 ","-	2,548 ",
,,,1,,706101,小型工程," 	6,180 "," 	8,728 ","-	2,548 ","本年度編列項目如下:
1.修建6公尺以下巷道工程及
  小型排水溝工程3,780千元。
2.6公尺以下道路維護費2,400
  千元。"
,501,,,02501,,市統籌," 	7,994,097 "," 	7,954,942 "," 	39,155 ",
,,1,,,804100,退撫金," 	5,970,687 "," 	5,744,293 "," 	226,394 ",
,,,1,,804101,退撫金," 	5,970,687 "," 	5,744,293 "," 	226,394 ","本年度預算數5,970,687千元
，較上年度增列退休退職給付
等經費226,394千元。"
,,6,,,874700,公務人員待遇福利," 	811,410 "," 	973,649 ","-	162,239 ",
,,,1,,874701,公務人員待遇福利," 	811,410 "," 	973,649 ","-	162,239 ","本年度預算數較上年度減列
162,239千元，包括：
1.公務人員各項補助390,319
  千元，較上年度減列12,407
  千元。
2.退休人員年節特別照護金
  3,000千元，較上年度減列
  600千元。
3.公務人員待遇準備414,091
  千元，較上年度減列
  149,232千元。"
,,7,,,874600,災害準備金," 	1,212,000 "," 	1,237,000 ","-	25,000 ",
,,,1,,874601,災害準備金," 	1,212,000 "," 	1,237,000 ","-	25,000 ","本年度預算數較上年度減列如
列數。"
,,,,,,,,,,
,,,,,,,,,,